seed,policy,literature_baseline,idle_enabled,status,t_fnd,t_hnd,t_fnd_event_observed,t_hnd_event_observed,censor_round,rounds,throughput,packets_generated,delivery_ratio,stale_drop_ratio,idle_energy_j,queue_fairness,residual_energy_fairness,residual_energy_cv,mean_residual_energy_j,min_residual_energy_j,energy_consumed_j,energy_efficiency_packets_per_j,dropped_stale_packets,dropped_death_packets,dropped_overflow_packets,alive_at_end,right_censored,schedule_exhausted,configuration_id,parameters_json
2500,energy_proportional,True,True,ok,122,150,True,True,1602,1602,12736,23827,0.5345196625676754,0.4554077307256474,44.70359999999984,0.955850317446661,0.0476036152059007,4.472897036653849,0.007834033538175555,0.0,53.448822666493946,238.28401384010198,10851,220,0,5,True,True,energy_proportional:score_exponent=0.5,"{""score_exponent"": 0.5}"
2501,energy_proportional,True,True,ok,120,135,True,True,1564,1564,12298,22119,0.5559925855599258,0.43243365432433656,45.47159999999994,0.9683204173410641,0.0376014301242736,5.059123752620008,0.00620484713901321,0.0,53.356304997373165,230.48822441144407,9565,240,0,4,True,True,energy_proportional:score_exponent=0.5,"{""score_exponent"": 0.5}"
2502,energy_proportional,True,True,ok,115,132,True,True,1617,1617,12146,20474,0.5932402070919215,0.3953795057145648,45.22199999999992,0.9526317570359962,0.03738482488874647,5.07432963971469,0.006918116211127407,0.0,52.998094834867686,229.17804947224428,8095,217,0,4,True,True,energy_proportional:score_exponent=0.5,"{""score_exponent"": 0.5}"
2503,energy_proportional,True,True,ok,132,140,True,True,1603,1603,12180,20189,0.6032988260934172,0.38813215117142996,45.28439999999989,0.9597227038189036,0.03976828566810736,4.913823895474284,0.007989604911802886,0.0,52.846964743087476,230.47681279733624,7836,157,0,4,True,True,energy_proportional:score_exponent=0.5,"{""score_exponent"": 0.5}"
2504,energy_proportional,True,True,ok,112,128,True,True,1579,1579,11980,18477,0.6483736537316664,0.34004437949883637,45.259199999999886,0.9693774306976769,0.029821425411751847,5.703765219980537,0.0053137573754314426,0.0,52.78811409875038,226.94502738986077,6283,202,0,3,True,True,energy_proportional:score_exponent=0.5,"{""score_exponent"": 0.5}"
2500,harvest_proportional,True,True,ok,110,146,True,True,1602,1602,13200,25580,0.5160281469898358,0.47752150117279124,44.85479999999963,0.8917020126754336,0.05622740289374532,4.096940620690456,0.007744267672943725,0.0,53.81461340673513,245.2865339797826,12215,141,0,6,True,True,harvest_proportional:score_exponent=0.5,"{""score_exponent"": 0.5}"
2501,harvest_proportional,True,True,ok,105,134,True,True,1564,1564,12632,23116,0.5464613254888389,0.4451462190690431,45.18359999999983,0.9423558745678511,0.0428979666372984,4.723465698470765,0.006288682765125067,0.0,53.56554074326161,235.82325175330317,10290,174,0,5,True,True,harvest_proportional:score_exponent=0.5,"{""score_exponent"": 0.5}"
2502,harvest_proportional,True,True,ok,106,145,True,True,1617,1617,12765,23078,0.5531241875379149,0.43885951988907185,45.40079999999971,0.9321750549624688,0.04941942099677296,4.385767875352758,0.006531065637856981,0.0,53.509450916773346,238.5559892934468,10128,165,0,5,True,True,harvest_proportional:score_exponent=0.5,"{""score_exponent"": 0.5}"
2503,harvest_proportional,True,True,ok,107,142,True,True,1603,1603,13561,25228,0.5375376565720628,0.4568733153638814,45.4139999999996,0.8473832410461801,0.05366931069484259,4.199121621003216,0.00431984421384516,0.0,54.01325712324074,251.06799186463047,11526,117,0,6,True,True,harvest_proportional:score_exponent=0.5,"{""score_exponent"": 0.5}"
2504,harvest_proportional,True,True,ok,101,131,True,True,1579,1579,12545,20762,0.6042288796840382,0.38849821789808303,45.35279999999978,0.9156028647310533,0.03532079140372176,5.226082319013044,0.003989738702832448,0.0,53.34431825136284,235.17031262611553,8066,135,0,4,True,True,harvest_proportional:score_exponent=0.5,"{""score_exponent"": 0.5}"
2500,energy_proportional,True,True,ok,124,147,True,True,1602,1602,12421,20035,0.6199650611429998,0.3673571250311954,44.55959999999996,0.9685745720457866,0.018471480378667318,7.2895481688346,0.003891834517780163,0.0,53.222123593684174,233.3803907342395,7360,246,0,2,True,True,energy_proportional:score_exponent=1.0,"{""score_exponent"": 1.0}"
2501,energy_proportional,True,True,ok,120,130,True,True,1564,1564,12300,19349,0.6356917670163833,0.35226626699054214,45.16799999999988,0.9542365098747616,0.02966683824194996,5.719062005466325,0.0039711945538631775,0.0,53.10552499499849,231.6143188709352,6816,227,0,3,True,True,energy_proportional:score_exponent=1.0,"{""score_exponent"": 1.0}"
2502,energy_proportional,True,True,ok,121,137,True,True,1617,1617,12367,19960,0.6195891783567135,0.36773547094188375,45.21119999999984,0.9291378622185799,0.038992735318154725,4.964453926119313,0.004867361794603047,0.0,53.151743389422435,232.67345925780336,7340,237,0,4,True,True,energy_proportional:score_exponent=1.0,"{""score_exponent"": 1.0}"
2503,energy_proportional,True,True,ok,132,140,True,True,1603,1603,12829,24011,0.5342967806422056,0.4573737037191287,45.531599999999536,0.8688446357106168,0.047037040361087926,4.501093313549233,0.007252294473431925,0.0,53.517740839883594,239.7149019870306,10982,176,0,6,True,True,energy_proportional:score_exponent=1.0,"{""score_exponent"": 1.0}"
2504,energy_proportional,True,True,ok,118,127,True,True,1579,1579,11982,18316,0.6541821358375192,0.33522603188469097,45.27599999999989,0.960140842809794,0.029979417363982058,5.688252686918308,0.004599100389332259,0.0,52.8331123852846,226.78959196311325,6140,182,0,3,True,True,energy_proportional:score_exponent=1.0,"{""score_exponent"": 1.0}"
2500,harvest_proportional,True,True,ok,117,171,True,True,1602,1602,13938,25286,0.5512141105750218,0.4408368267025231,44.491199999999765,0.9127592444504167,0.04530832763482401,4.590315654716416,0.005896736986556319,0.0,53.920571971774564,258.4913232614823,11147,181,0,5,True,True,harvest_proportional:score_exponent=1.0,"{""score_exponent"": 1.0}"
2501,harvest_proportional,True,True,ok,117,148,True,True,1564,1564,13555,23780,0.5700168208578638,0.422161480235492,44.82239999999985,0.9414405055365433,0.03840766352914678,5.003645724903198,0.0056749063533405855,0.0,53.71282934057982,252.36056574214481,10039,170,0,4,True,True,harvest_proportional:score_exponent=1.0,"{""score_exponent"": 1.0}"
2502,harvest_proportional,True,True,ok,112,166,True,True,1617,1617,13696,24843,0.551302177675804,0.44104979269814437,45.01079999999974,0.9138166154661584,0.04209928226225355,4.7700496934752,0.006007216112437035,0.0,53.85108811692431,254.33097972435627,10957,170,0,5,True,True,harvest_proportional:score_exponent=1.0,"{""score_exponent"": 1.0}"
2503,harvest_proportional,True,True,ok,114,163,True,True,1603,1603,14125,26435,0.5343294874219784,0.45969358804615096,44.992799999999725,0.8930865518860556,0.05352790345264233,4.204978606900838,0.006671949505834816,0.0,54.05466590977336,261.3095421508493,12152,134,0,6,True,True,harvest_proportional:score_exponent=1.0,"{""score_exponent"": 1.0}"
2504,harvest_proportional,True,True,ok,106,155,True,True,1579,1579,13964,25928,0.5385683431039803,0.4544893551373033,45.24839999999963,0.8816077461171756,0.03928043297571124,4.945499757793397,0.004370337352244449,0.0,54.200868282073515,257.63424909225074,11784,156,0,6,True,True,harvest_proportional:score_exponent=1.0,"{""score_exponent"": 1.0}"
2500,energy_proportional,True,True,ok,124,147,True,True,1602,1602,12661,23356,0.5420876862476451,0.44793629046069533,44.703599999999874,0.9604603052964018,0.04873108685218832,4.418232881650655,0.006940003273994872,0.0,53.40913322980095,237.05683343566193,10462,213,0,5,True,True,energy_proportional:score_exponent=2.0,"{""score_exponent"": 2.0}"
2501,energy_proportional,True,True,ok,121,130,True,True,1564,1564,12534,21980,0.5702456778889899,0.41878980891719747,45.3611999999999,0.9512208111777007,0.0389128264975891,4.969755257356044,0.00538229837002928,0.0,53.4145337534783,234.65523555531922,9205,225,0,4,True,True,energy_proportional:score_exponent=2.0,"{""score_exponent"": 2.0}"
2502,energy_proportional,True,True,ok,122,137,True,True,1617,1617,12236,20178,0.6064030131826742,0.3829913767469521,45.17639999999988,0.9578835924674317,0.03879274611237736,4.977752025509484,0.005694224666418308,0.0,53.1219753419214,230.33782010632268,7728,198,0,4,True,True,energy_proportional:score_exponent=2.0,"{""score_exponent"": 2.0}"
2503,energy_proportional,True,True,ok,132,144,True,True,1603,1603,12504,22491,0.5559557156195811,0.4354186118892001,45.32879999999983,0.9412540500709778,0.048496476386459146,4.429453102320281,0.008473951871199531,0.0,53.185088873416305,235.10348981009074,9793,174,0,5,True,True,energy_proportional:score_exponent=2.0,"{""score_exponent"": 2.0}"
2504,energy_proportional,True,True,ok,121,130,True,True,1579,1579,12573,21170,0.5939064714218233,0.39702409069437883,45.45719999999976,0.9043626424863056,0.047961085280186305,4.455360491248779,0.003165304423603091,0.0,53.46149285322513,235.17861789827512,8405,172,0,5,True,True,energy_proportional:score_exponent=2.0,"{""score_exponent"": 2.0}"
2500,harvest_proportional,True,True,ok,123,207,True,True,1602,1602,15832,30591,0.5175378379261875,0.47723186558138014,44.12999999999977,0.917673446613956,0.04732543579178787,4.486678742723658,0.004723197489053592,0.0,54.894947575811386,288.40541250423064,14599,136,0,6,True,True,harvest_proportional:score_exponent=2.0,"{""score_exponent"": 2.0}"
2501,harvest_proportional,True,True,ok,132,187,True,True,1564,1564,15286,28071,0.5445477539097289,0.45053614050087276,44.27639999999981,0.9493638425415419,0.04783870161478609,4.461342551279966,0.006700433382626876,0.0,54.33141752911182,281.34734367660235,12647,118,0,5,True,True,harvest_proportional:score_exponent=2.0,"{""score_exponent"": 2.0}"
2502,harvest_proportional,True,True,ok,130,198,True,True,1617,1617,14946,25517,0.5857271622839676,0.4094917114080809,44.1011999999999,0.9655559589819133,0.0292999531844681,5.755844626574402,0.0063644177702843405,0.0,53.903904336325695,277.27119554729416,10449,110,0,3,True,True,harvest_proportional:score_exponent=2.0,"{""score_exponent"": 2.0}"
2503,harvest_proportional,True,True,ok,136,194,True,True,1603,1603,15782,29397,0.5368575024662381,0.45892438003877944,44.49719999999964,0.8993134828677624,0.05489602652270466,4.1492474834541175,0.0048318800647168545,0.0,54.69108454402288,288.5662285101785,13491,100,0,6,True,True,harvest_proportional:score_exponent=2.0,"{""score_exponent"": 2.0}"
2504,harvest_proportional,True,True,ok,121,199,True,True,1579,1579,15249,27038,0.5639840224868703,0.43061616983504697,44.56319999999982,0.9391449222272886,0.03970454003703787,4.917930117060741,0.005936910216397902,0.0,54.18900604080535,281.40394360651703,11643,130,0,4,True,True,harvest_proportional:score_exponent=2.0,"{""score_exponent"": 2.0}"
2500,s2a2mac_adapted,True,True,ok,202,381,True,True,1602,1602,23447,64807,0.36179733670745445,0.6339130032249602,45.9118000000001,0.8538799471359098,0.07458117192494426,3.522528892143248,0.007137429698437368,0.0,60.19800415534225,389.49796308021297,41082,234,0,11,True,True,"s2a2mac_adapted:energy_weight=0.25,load_weight=0.75","{""energy_weight"": 0.25, ""load_weight"": 0.75}"
2501,s2a2mac_adapted,True,True,ok,204,362,True,True,1564,1564,22609,62374,0.3624747490941739,0.6331163625869753,45.590799999999994,0.8770523247424564,0.10932186731603104,2.8543476943325117,0.014269472961948288,0.0,59.26043474061353,381.51930708846373,39490,227,0,15,True,True,"s2a2mac_adapted:energy_weight=0.25,load_weight=0.75","{""energy_weight"": 0.25, ""load_weight"": 0.75}"
2502,s2a2mac_adapted,True,True,ok,213,349,True,True,1617,1617,23321,63018,0.3700688692119712,0.6255672982322511,46.06740000000004,0.8559293137460882,0.0939266582748445,3.105898369976649,0.00854588271418688,0.0,59.90438541487759,389.3037185589438,39422,223,0,13,True,True,"s2a2mac_adapted:energy_weight=0.25,load_weight=0.75","{""energy_weight"": 0.25, ""load_weight"": 0.75}"
2503,s2a2mac_adapted,True,True,ok,198,354,True,True,1603,1603,23018,62641,0.3674590124678725,0.6280391436918312,46.073600000000056,0.8685049596227434,0.09641561485487728,3.0613336908800677,0.009264888028634297,0.0,59.64709858446101,385.90309581288744,39341,234,0,12,True,True,"s2a2mac_adapted:energy_weight=0.25,load_weight=0.75","{""energy_weight"": 0.25, ""load_weight"": 0.75}"
2504,s2a2mac_adapted,True,True,ok,206,387,True,True,1579,1579,22756,61188,0.3719029875138916,0.6234555795253971,45.35520000000012,0.8803031924695552,0.10852469896710663,2.866093556119233,0.012713477042017186,0.0,59.08421857861435,385.14514615644896,38148,228,0,14,True,True,"s2a2mac_adapted:energy_weight=0.25,load_weight=0.75","{""energy_weight"": 0.25, ""load_weight"": 0.75}"
2500,s2a2mac_adapted,True,True,ok,202,371,True,True,1602,1602,23133,64743,0.35730503683795933,0.6379376921057103,46.24340000000012,0.8242358290872848,0.061408418864944345,3.9095283747438234,0.006371768718068205,0.0,60.392160007408144,383.0464086259266,41302,268,0,10,True,True,"s2a2mac_adapted:energy_weight=0.5,load_weight=0.5","{""energy_weight"": 0.5, ""load_weight"": 0.5}"
2501,s2a2mac_adapted,True,True,ok,204,346,True,True,1564,1564,21989,61410,0.3580687184497639,0.6370786516853932,45.49460000000004,0.8626712746823254,0.12248530021506325,2.676610730231292,0.016925551929171265,0.0,58.81591378190126,373.8614022310135,39123,241,0,17,True,True,"s2a2mac_adapted:energy_weight=0.5,load_weight=0.5","{""energy_weight"": 0.5, ""load_weight"": 0.5}"
2502,s2a2mac_adapted,True,True,ok,213,335,True,True,1617,1617,22881,62137,0.36823470717929735,0.6268406907317701,46.00139999999999,0.8348206580816161,0.10164226629876263,2.972949180832515,0.009096332671030358,0.0,59.62320380759565,383.7599883736052,38950,250,0,14,True,True,"s2a2mac_adapted:energy_weight=0.5,load_weight=0.5","{""energy_weight"": 0.5, ""load_weight"": 0.5}"
2503,s2a2mac_adapted,True,True,ok,198,350,True,True,1603,1603,22597,62628,0.3608130548636393,0.63412531136233,46.25600000000004,0.8418128692955933,0.08870288923645599,3.205244131556013,0.008930205310882495,0.0,59.6406215787553,378.8860578885938,39714,269,0,12,True,True,"s2a2mac_adapted:energy_weight=0.5,load_weight=0.5","{""energy_weight"": 0.5, ""load_weight"": 0.5}"
2504,s2a2mac_adapted,True,True,ok,206,369,True,True,1579,1579,22326,60584,0.36851313878251685,0.6262214446058365,45.5220000000001,0.8565765278398817,0.10937753806562822,2.8535320194826372,0.012521795405877969,0.0,59.03180379853419,378.2029103531201,37939,263,0,14,True,True,"s2a2mac_adapted:energy_weight=0.5,load_weight=0.5","{""energy_weight"": 0.5, ""load_weight"": 0.5}"
2500,s2a2mac_adapted,True,True,ok,200,364,True,True,1602,1602,22338,63798,0.35013636791121977,0.6447851029812847,46.145600000000144,0.8103817539223396,0.0732322528765428,3.5574127582566537,0.007880606485005968,0.0,59.89919462506972,372.9265500115896,41136,284,0,10,True,True,"s2a2mac_adapted:energy_weight=0.75,load_weight=0.25","{""energy_weight"": 0.75, ""load_weight"": 0.25}"
2501,s2a2mac_adapted,True,True,ok,203,320,True,True,1564,1564,21610,61591,0.35086295075579227,0.6440389017875988,45.775400000000005,0.8454527811159949,0.12212230428834252,2.681140126062902,0.0161450730943339,0.0,58.93307478682915,366.68712905557715,39667,262,0,16,True,True,"s2a2mac_adapted:energy_weight=0.75,load_weight=0.25","{""energy_weight"": 0.75, ""load_weight"": 0.25}"
2502,s2a2mac_adapted,True,True,ok,213,333,True,True,1617,1617,22460,62558,0.35902682310815565,0.6357620128520732,46.45499999999999,0.8154034055935736,0.09111577558701055,3.15832991997254,0.008349380436856875,0.0,59.8868216449343,375.04077496655464,39772,274,0,13,True,True,"s2a2mac_adapted:energy_weight=0.75,load_weight=0.25","{""energy_weight"": 0.75, ""load_weight"": 0.25}"
2503,s2a2mac_adapted,True,True,ok,198,350,True,True,1603,1603,21888,62064,0.35266821345707655,0.6422080433101315,46.449,0.8276808915124296,0.09444440182227558,3.09648834529086,0.009906914236365562,0.0,59.46457779867855,368.08467848041136,39858,266,0,13,True,True,"s2a2mac_adapted:energy_weight=0.75,load_weight=0.25","{""energy_weight"": 0.75, ""load_weight"": 0.25}"
2504,s2a2mac_adapted,True,True,ok,200,342,True,True,1579,1579,21786,60635,0.3592974354745609,0.6353261317720789,45.65500000000009,0.8438514118244856,0.11062866059906276,2.8353569285712275,0.013731730435655856,0.0,58.94488217305606,369.59951732600916,38523,270,0,14,True,True,"s2a2mac_adapted:energy_weight=0.75,load_weight=0.25","{""energy_weight"": 0.75, ""load_weight"": 0.25}"
2500,ffss_adapted,True,True,ok,147,158,True,True,1602,1602,12162,25093,0.48467700155421833,0.502092216952935,44.65159999999992,0.9766359156119927,0.036798846203588295,5.116127936078852,0.006136952879623059,0.0,53.788597567860684,226.10740100922314,12599,316,0,4,True,True,"ffss_adapted:margin_weight=1.0,queue_weight=0.0","{""margin_weight"": 1.0, ""queue_weight"": 0.0}"
2501,ffss_adapted,True,True,ok,136,155,True,True,1564,1564,12470,25639,0.48636842310542533,0.5007215570030032,45.132799999999826,0.9643000214563264,0.04726079737117954,4.489898212196018,0.006373866669000225,0.0,53.86829883280035,231.49051056364584,12838,307,0,6,True,True,"ffss_adapted:margin_weight=1.0,queue_weight=0.0","{""margin_weight"": 1.0, ""queue_weight"": 0.0}"
2502,ffss_adapted,True,True,ok,138,152,True,True,1617,1617,12241,24722,0.49514602378448347,0.49134374241566214,45.2527999999999,0.9722107625558718,0.04917684176041445,4.397132559711302,0.007517640283078088,0.0,53.654160480600034,228.14633367390087,12147,314,0,5,True,True,"ffss_adapted:margin_weight=1.0,queue_weight=0.0","{""margin_weight"": 1.0, ""queue_weight"": 0.0}"
2503,ffss_adapted,True,True,ok,152,157,True,True,1603,1603,13401,30545,0.438729743002128,0.5501718775577018,45.947599999999944,0.8728691314556843,0.057446042895409694,4.050634444820533,0.004537818195492017,0.0,54.88974777649452,244.14395297583644,16805,311,0,7,True,True,"ffss_adapted:margin_weight=1.0,queue_weight=0.0","{""margin_weight"": 1.0, ""queue_weight"": 0.0}"
2504,ffss_adapted,True,True,ok,139,151,True,True,1579,1579,12121,22357,0.5421568188934115,0.4437536342085253,45.1571999999999,0.9749397359303653,0.04928754412095073,4.391935996473507,0.009796250690000648,0.0,52.9225587820035,229.03276559110344,9921,295,0,5,True,True,"ffss_adapted:margin_weight=1.0,queue_weight=0.0","{""margin_weight"": 1.0, ""queue_weight"": 0.0}"
2500,ffss_adapted,True,True,ok,147,157,True,True,1602,1602,12039,22857,0.526709541934637,0.4588091175569847,44.446399999999855,0.9763554185823271,0.026178147668023753,6.09916386056009,0.0047289197745717,0.0,53.546434204036025,224.83289837986203,10487,315,0,4,True,True,"ffss_adapted:margin_weight=0.75,queue_weight=0.25","{""margin_weight"": 0.75, ""queue_weight"": 0.25}"
2501,ffss_adapted,True,True,ok,136,149,True,True,1564,1564,12606,27056,0.46592253104671794,0.5219544648137197,45.26759999999986,0.9505602226151538,0.05937264194548225,3.9802982510406584,0.006744484332537682,0.0,54.18109609032137,232.66417458564246,14122,296,0,8,True,True,"ffss_adapted:margin_weight=0.75,queue_weight=0.25","{""margin_weight"": 0.75, ""queue_weight"": 0.25}"
2502,ffss_adapted,True,True,ok,138,152,True,True,1617,1617,12588,28559,0.4407717357050317,0.5474631464687139,45.39599999999981,0.9517759048186518,0.06816204473198616,3.697420910492232,0.008149611819525938,0.0,54.23703873610574,232.0923172308103,15635,304,0,8,True,True,"ffss_adapted:margin_weight=0.75,queue_weight=0.25","{""margin_weight"": 0.75, ""queue_weight"": 0.25}"
2503,ffss_adapted,True,True,ok,152,157,True,True,1603,1603,13095,29298,0.4469588367806676,0.5414704075363506,45.635999999999555,0.9139313769434076,0.05650126970034978,4.086406405209693,0.0066932214645941115,0.0,54.44995758695809,240.49605509952733,15864,315,0,6,True,True,"ffss_adapted:margin_weight=0.75,queue_weight=0.25","{""margin_weight"": 0.75, ""queue_weight"": 0.25}"
2504,ffss_adapted,True,True,ok,139,151,True,True,1579,1579,12430,25291,0.49147918231782056,0.4959471748843462,45.30439999999979,0.9556688851501806,0.06698971648631898,3.731978605384454,0.009484252107249324,0.0,53.48136740148259,232.41739327060324,12543,290,0,7,True,True,"ffss_adapted:margin_weight=0.75,queue_weight=0.25","{""margin_weight"": 0.75, ""queue_weight"": 0.25}"
2500,ffss_adapted,True,True,ok,147,157,True,True,1602,1602,12102,23238,0.5207849212496772,0.4650572338411223,44.49399999999978,0.9713371119019606,0.024103335208326145,6.363020854002917,0.004655045088237909,0.0,53.61882688773754,225.70430392552453,10807,317,0,3,True,True,"ffss_adapted:margin_weight=0.5,queue_weight=0.5","{""margin_weight"": 0.5, ""queue_weight"": 0.5}"
2501,ffss_adapted,True,True,ok,136,149,True,True,1564,1564,12606,27056,0.46592253104671794,0.5219544648137197,45.26759999999986,0.9505602226151538,0.05937264194548225,3.9802982510406584,0.006744484332537682,0.0,54.18109609032137,232.66417458564246,14122,296,0,8,True,True,"ffss_adapted:margin_weight=0.5,queue_weight=0.5","{""margin_weight"": 0.5, ""queue_weight"": 0.5}"
2502,ffss_adapted,True,True,ok,138,152,True,True,1617,1617,12588,28559,0.4407717357050317,0.5474631464687139,45.39599999999981,0.9517759048186518,0.06816204473198616,3.697420910492232,0.008149611819525938,0.0,54.23703873610574,232.0923172308103,15635,304,0,8,True,True,"ffss_adapted:margin_weight=0.5,queue_weight=0.5","{""margin_weight"": 0.5, ""queue_weight"": 0.5}"
2503,ffss_adapted,True,True,ok,152,157,True,True,1603,1603,13095,29298,0.4469588367806676,0.5414704075363506,45.635999999999555,0.9139313769434076,0.05650126970034978,4.086406405209693,0.0066932214645941115,0.0,54.44995758695809,240.49605509952733,15864,315,0,6,True,True,"ffss_adapted:margin_weight=0.5,queue_weight=0.5","{""margin_weight"": 0.5, ""queue_weight"": 0.5}"
2504,ffss_adapted,True,True,ok,139,151,True,True,1579,1579,12430,25291,0.49147918231782056,0.4959471748843462,45.30439999999979,0.9556688851501806,0.06698971648631898,3.731978605384454,0.009484252107249324,0.0,53.48136740148259,232.41739327060324,12543,290,0,7,True,True,"ffss_adapted:margin_weight=0.5,queue_weight=0.5","{""margin_weight"": 0.5, ""queue_weight"": 0.5}"
2500,ffss_adapted,True,True,ok,147,157,True,True,1602,1602,12102,23238,0.5207849212496772,0.4650572338411223,44.49399999999978,0.9713371119019606,0.024103335208326145,6.363020854002917,0.004655045088237909,0.0,53.61882688773754,225.70430392552453,10807,317,0,3,True,True,"ffss_adapted:margin_weight=0.25,queue_weight=0.75","{""margin_weight"": 0.25, ""queue_weight"": 0.75}"
2501,ffss_adapted,True,True,ok,136,149,True,True,1564,1564,12606,27056,0.46592253104671794,0.5219544648137197,45.26759999999986,0.9505602226151538,0.05937264194548225,3.9802982510406584,0.006744484332537682,0.0,54.18109609032137,232.66417458564246,14122,296,0,8,True,True,"ffss_adapted:margin_weight=0.25,queue_weight=0.75","{""margin_weight"": 0.25, ""queue_weight"": 0.75}"
2502,ffss_adapted,True,True,ok,138,152,True,True,1617,1617,12588,28559,0.4407717357050317,0.5474631464687139,45.39599999999981,0.9517759048186518,0.06816204473198616,3.697420910492232,0.008149611819525938,0.0,54.23703873610574,232.0923172308103,15635,304,0,8,True,True,"ffss_adapted:margin_weight=0.25,queue_weight=0.75","{""margin_weight"": 0.25, ""queue_weight"": 0.75}"
2503,ffss_adapted,True,True,ok,152,157,True,True,1603,1603,13095,29298,0.4469588367806676,0.5414704075363506,45.635999999999555,0.9139313769434076,0.05650126970034978,4.086406405209693,0.0066932214645941115,0.0,54.44995758695809,240.49605509952733,15864,315,0,6,True,True,"ffss_adapted:margin_weight=0.25,queue_weight=0.75","{""margin_weight"": 0.25, ""queue_weight"": 0.75}"
2504,ffss_adapted,True,True,ok,139,151,True,True,1579,1579,12430,25291,0.49147918231782056,0.4959471748843462,45.30439999999979,0.9556688851501806,0.06698971648631898,3.731978605384454,0.009484252107249324,0.0,53.48136740148259,232.41739327060324,12543,290,0,7,True,True,"ffss_adapted:margin_weight=0.25,queue_weight=0.75","{""margin_weight"": 0.25, ""queue_weight"": 0.75}"
2500,ffss_adapted,True,True,ok,111,156,True,True,1602,1602,16443,45930,0.3580013063357283,0.6348791639451339,44.76759999999995,0.813504137592593,0.08311507304563105,3.3213720079640887,0.008285187050058358,0.0,57.14105945858299,287.76155282731895,29160,279,0,12,True,True,"ffss_adapted:margin_weight=0.0,queue_weight=1.0","{""margin_weight"": 0.0, ""queue_weight"": 1.0}"
2501,ffss_adapted,True,True,ok,111,140,True,True,1564,1564,14913,37128,0.4016645119586296,0.5894203835380306,44.55479999999977,0.8561448078522887,0.10230874363702257,2.9621505106380255,0.009753194935257021,0.0,55.54700502307269,268.47532092514354,21884,279,0,13,True,True,"ffss_adapted:margin_weight=0.0,queue_weight=1.0","{""margin_weight"": 0.0, ""queue_weight"": 1.0}"
2502,ffss_adapted,True,True,ok,114,145,True,True,1617,1617,15283,39973,0.3823330748255072,0.6094113526630476,44.859999999999744,0.8514421836456234,0.10865233951711294,2.8642045046857016,0.009779630421062111,0.0,56.038380044350625,272.7238008647739,24360,278,0,13,True,True,"ffss_adapted:margin_weight=0.0,queue_weight=1.0","{""margin_weight"": 0.0, ""queue_weight"": 1.0}"
2503,ffss_adapted,True,True,ok,95,179,True,True,1603,1603,15159,38606,0.3926591721494068,0.5988447391597161,44.72119999999974,0.8790658337429732,0.1001620462507842,2.9973023857172154,0.010276741831371006,0.0,55.609083840284896,272.59934804065887,23119,284,0,11,True,True,"ffss_adapted:margin_weight=0.0,queue_weight=1.0","{""margin_weight"": 0.0, ""queue_weight"": 1.0}"
2504,ffss_adapted,True,True,ok,106,141,True,True,1579,1579,15368,40824,0.37644522829708016,0.6154467960023515,45.240799999999886,0.8524089881119522,0.08622498643911036,3.255390350701439,0.00734269432955431,0.0,56.38278803622582,272.5654501179703,25125,291,0,10,True,True,"ffss_adapted:margin_weight=0.0,queue_weight=1.0","{""margin_weight"": 0.0, ""queue_weight"": 1.0}"
