study,seed,policy,delivered,generated,energy_uj,delivery_pp,packets_per_j
fixed,9700100,block,128,960,2675004,13.333333333333334,47.850395737726004
fixed,9700100,prefix,128,960,2791056,13.333333333333334,45.86077814275314
fixed,9700100,selective,88,960,2790768,9.166666666666666,31.53253871335776
fixed,9700100,whole,112,960,2643936,11.666666666666666,42.36108589617903
fixed,9700101,block,120,768,2665760,15.625,45.01530520376929
fixed,9700101,prefix,120,768,2783392,15.625,43.112863728860326
fixed,9700101,selective,88,768,2792224,11.458333333333334,31.516096129823396
fixed,9700101,whole,80,768,2643936,10.416666666666666,30.257918497270737
fixed,9700102,block,112,576,2672624,19.444444444444443,41.90638114452314
fixed,9700102,prefix,112,576,2791216,19.444444444444443,40.125880619772886
fixed,9700102,selective,80,576,2792452,13.88888888888889,28.648657165816996
fixed,9700102,whole,96,576,2643936,16.666666666666668,36.309502196724885
fixed,9700103,block,136,1152,2711104,11.805555555555555,50.16406600410755
fixed,9700103,prefix,136,1152,2787472,11.805555555555555,48.78972775331914
fixed,9700103,selective,96,1152,2779784,8.333333333333334,34.53505740014332
fixed,9700103,whole,88,1152,2643936,7.638888888888889,33.28371034699781
fixed,9700104,block,93,480,2644220,19.375,35.171052333013144
fixed,9700104,prefix,93,480,2776902,19.375,33.49055890341107
fixed,9700104,selective,84,480,2780250,17.5,30.213110331804696
fixed,9700104,whole,68,480,2622376,14.166666666666666,25.930682709115704
fixed,9700105,block,112,960,2662704,11.666666666666666,42.062504882255034
fixed,9700105,prefix,112,960,2784048,11.666666666666666,40.22919145072212
fixed,9700105,selective,80,960,2792720,8.333333333333334,28.645907932051905
fixed,9700105,whole,112,960,2643936,11.666666666666666,42.36108589617903
fixed,9700106,block,108,1152,2652776,9.375,40.71206916829767
fixed,9700106,prefix,108,1152,2790304,9.375,38.70546005023109
fixed,9700106,selective,72,1152,2795328,6.25,25.757263548320626
fixed,9700106,whole,104,1152,2643936,9.027777777777779,39.335294046451956
fixed,9700107,block,144,1152,2672192,12.5,53.88834335257347
fixed,9700107,prefix,144,1152,2785072,12.5,51.70422883142698
fixed,9700107,selective,96,1152,2781424,8.333333333333334,34.51469463123925
fixed,9700107,whole,112,1152,2643936,9.722222222222221,42.36108589617903
fixed,9700108,block,120,864,2665124,13.88888888888889,45.026047568518386
fixed,9700108,prefix,120,864,2784748,13.88888888888889,43.091870431363986
fixed,9700108,selective,94,864,2779624,10.87962962962963,33.81752352116689
fixed,9700108,whole,92,864,2643936,10.648148148148149,34.79660627186134
fixed,9700109,block,136,1056,2678728,12.878787878787879,50.770365636227346
fixed,9700109,prefix,136,1056,2783176,12.878787878787879,48.86503764045105
fixed,9700109,selective,96,1056,2794800,9.090909090909092,34.349506225848
fixed,9700109,whole,96,1056,2643936,9.090909090909092,36.309502196724885
fixed,9700110,block,144,1056,2643936,13.636363636363637,54.464253295087325
fixed,9700110,prefix,144,1056,2783328,13.636363636363637,51.73662608215776
fixed,9700110,selective,96,1056,2787144,9.090909090909092,34.44386081235846
fixed,9700110,whole,144,1056,2643936,13.636363636363637,54.464253295087325
fixed,9700111,block,120,1056,2685608,11.363636363636363,44.68261935472341
fixed,9700111,prefix,120,1056,2786344,11.363636363636363,43.06718768393279
fixed,9700111,selective,96,1056,2782016,9.090909090909092,34.50735006556396
fixed,9700111,whole,80,1056,2643936,7.575757575757576,30.257918497270737
fixed,9700112,block,108,960,2666960,11.25,40.4955454899961
fixed,9700112,prefix,108,960,2787884,11.25,38.7390580095872
fixed,9700112,selective,76,960,2781964,7.916666666666667,27.318829431293864
fixed,9700112,whole,72,960,2635312,7.5,27.32124317727844
fixed,9700113,block,112,960,2677792,11.666666666666666,41.825503997323175
fixed,9700113,prefix,112,960,2786080,11.666666666666666,40.19985068626888
fixed,9700113,selective,88,960,2779648,9.166666666666666,31.658684840670475
fixed,9700113,whole,80,960,2643936,8.333333333333334,30.257918497270737
fixed,9700114,block,120,1152,2658160,10.416666666666666,45.14400938995395
fixed,9700114,prefix,120,1152,2785640,10.416666666666666,43.07807182550509
fixed,9700114,selective,80,1152,2776416,6.944444444444445,28.81412583705036
fixed,9700114,whole,96,1152,2643936,8.333333333333334,36.309502196724885
fixed,9700115,block,112,960,2631942,11.666666666666666,42.55412923233111
fixed,9700115,prefix,112,960,2780402,11.666666666666666,40.281944841069745
fixed,9700115,selective,84,960,2774880,8.75,30.271579311537796
fixed,9700115,whole,96,960,2618064,10.0,36.66831674092001
fixed,9700116,block,112,768,2651952,14.583333333333334,42.23304192534405
fixed,9700116,prefix,112,768,2788000,14.583333333333334,40.17216642754663
fixed,9700116,selective,96,768,2776052,12.5,34.58148478486714
fixed,9700116,whole,112,768,2626688,14.583333333333334,42.639247600019495
fixed,9700117,block,136,864,2706512,15.74074074074074,50.24917680025065
fixed,9700117,prefix,136,864,2786224,15.74074074074074,48.8115815526677
fixed,9700117,selective,96,864,2791120,11.11111111111111,34.394794921035285
fixed,9700117,whole,80,864,2643936,9.25925925925926,30.257918497270737
fixed,9700118,block,124,1056,2665976,11.742424242424242,46.51204662007461
fixed,9700118,prefix,124,1056,2783344,11.742424242424242,44.55072747026598
fixed,9700118,selective,76,1056,2790128,7.196969696969697,27.238893699500526
fixed,9700118,whole,80,1056,2643936,7.575757575757576,30.257918497270737
fixed,9700119,block,128,672,2672832,19.047619047619047,47.889279984675426
fixed,9700119,prefix,128,672,2781504,19.047619047619047,46.0182692528934
fixed,9700119,selective,96,672,2787024,14.285714285714286,34.445343850644996
fixed,9700119,whole,128,672,2643936,19.047619047619047,48.412669595633176
fixed,9700120,block,96,480,2640048,20.0,36.36297521863239
fixed,9700120,prefix,96,480,2770276,20.0,34.65358686282522
fixed,9700120,selective,84,480,2774860,17.5,30.271797496089896
fixed,9700120,whole,64,480,2618064,13.333333333333334,24.445544493946674
fixed,9700121,block,116,672,2705752,17.261904761904763,42.871630511591604
fixed,9700121,prefix,112,672,2784544,16.666666666666668,40.22202558120827
fixed,9700121,selective,82,672,2781328,12.202380952380953,29.482319237429028
fixed,9700121,whole,96,672,2643936,14.285714285714286,36.309502196724885
fixed,9700122,block,136,864,2672880,15.74074074074074,50.881446230283444
fixed,9700122,prefix,136,864,2785056,15.74074074074074,48.83205221008124
fixed,9700122,selective,96,864,2788288,11.11111111111111,34.42972892326762
fixed,9700122,whole,112,864,2643936,12.962962962962964,42.36108589617903
fixed,9700123,block,70,384,2558466,18.229166666666668,27.360144711713975
fixed,9700123,prefix,70,384,2742380,18.229166666666668,25.525273667398395
fixed,9700123,selective,52,384,2745072,13.541666666666666,18.943036831092225
fixed,9700123,whole,50,384,2582116,13.020833333333334,19.363963508998047
fixed,9700124,block,136,576,2698988,23.61111111111111,50.38925701040538
fixed,9700124,prefix,136,576,2788724,23.61111111111111,48.76782356375174
fixed,9700124,selective,96,576,2795568,16.666666666666668,34.34006971034152
fixed,9700124,whole,112,576,2643936,19.444444444444443,42.36108589617903
fixed,9700125,block,114,672,2678816,16.964285714285715,42.55611434305305
fixed,9700125,prefix,116,672,2780304,17.261904761904763,41.72205629312479
fixed,9700125,selective,96,672,2775536,14.285714285714286,34.587913829977346
fixed,9700125,whole,72,672,2618064,10.714285714285714,27.501237555690007
fixed,9700126,block,120,960,2660448,12.5,45.10518529210118
fixed,9700126,prefix,120,960,2782160,12.5,43.131955027748226
fixed,9700126,selective,96,960,2792224,10.0,34.381195777989156
fixed,9700126,whole,96,960,2643936,10.0,36.309502196724885
fixed,9700127,block,120,768,2640064,15.625,45.45344355288357
fixed,9700127,prefix,120,768,2784112,15.625,43.10171429885005
fixed,9700127,selective,84,768,2792824,10.9375,30.077083267688906
fixed,9700127,whole,80,768,2643936,10.416666666666666,30.257918497270737
fixed,9700128,block,120,960,2650464,12.5,45.275091455684745
fixed,9700128,prefix,120,960,2785560,12.5,43.079309007883516
fixed,9700128,selective,80,960,2778328,8.333333333333334,28.79429642576399
fixed,9700128,whole,96,960,2643936,10.0,36.309502196724885
fixed,9700129,block,112,288,2672584,38.888888888888886,41.90700834847473
fixed,9700129,prefix,112,288,2730280,38.888888888888886,41.02143369910778
fixed,9700129,selective,72,288,2751936,25.0,26.163399148817415
fixed,9700129,whole,96,288,2618064,33.333333333333336,36.66831674092001
fixed,9700130,block,112,1056,2682800,10.606060606060606,41.74742806023558
fixed,9700130,prefix,112,1056,2791544,10.606060606060606,40.12116592108167
fixed,9700130,selective,80,1056,2792352,7.575757575757576,28.649683134504535
fixed,9700130,whole,100,1056,2643936,9.469696969696969,37.82239812158842
fixed,9700131,block,116,960,2680352,12.083333333333334,43.27789782834493
fixed,9700131,prefix,116,960,2784352,12.083333333333334,41.6613991334429
fixed,9700131,selective,88,960,2789656,9.166666666666666,31.545108070672516
fixed,9700131,whole,72,960,2643936,7.5,27.232126647543662
fixed,9700132,block,136,960,2680160,14.166666666666666,50.74323920959943
fixed,9700132,prefix,136,960,2785136,14.166666666666666,48.83064956253482
fixed,9700132,selective,96,960,2780656,10.0,34.524227376561505
fixed,9700132,whole,96,960,2643936,10.0,36.309502196724885
fixed,9700133,block,80,576,2656600,13.88888888888889,30.113679138748775
fixed,9700133,prefix,80,576,2786976,13.88888888888889,28.704947584765712
fixed,9700133,selective,56,576,2787872,9.722222222222221,20.08700542923061
fixed,9700133,whole,44,576,2626688,7.638888888888889,16.751132985721945
fixed,9700134,block,101,480,2667506,21.041666666666668,37.8630825947533
fixed,9700134,prefix,101,480,2768990,21.041666666666668,36.47539355505076
fixed,9700134,selective,76,480,2772780,15.833333333333334,27.409314839258794
fixed,9700134,whole,72,480,2635312,15.0,27.32124317727844
fixed,9700135,block,80,960,2650592,8.333333333333334,30.181936714515096
fixed,9700135,prefix,80,960,2783552,8.333333333333334,28.740257052859082
fixed,9700135,selective,52,960,2780636,5.416666666666667,18.700757668389535
fixed,9700135,whole,64,960,2643936,6.666666666666667,24.206334797816588
fixed,9700136,block,104,384,2646100,27.083333333333332,39.303125354295005
fixed,9700136,prefix,104,384,2777100,27.083333333333332,37.449137589571855
fixed,9700136,selective,84,384,2782722,21.875,30.186270852783718
fixed,9700136,whole,88,384,2635312,22.916666666666668,33.392630550006984
fixed,9700137,block,112,1248,2664888,8.974358974358974,42.028032697809444
fixed,9700137,prefix,112,1248,2784056,8.974358974358974,40.22907585192252
fixed,9700137,selective,72,1248,2786264,5.769230769230769,25.841054544723686
fixed,9700137,whole,96,1248,2643936,7.6923076923076925,36.309502196724885
fixed,9700138,block,120,384,2699896,31.25,44.446156444544535
fixed,9700138,prefix,116,384,2788556,30.208333333333332,41.5985908118754
fixed,9700138,selective,80,384,2790924,20.833333333333332,28.664341988531397
fixed,9700138,whole,80,384,2643936,20.833333333333332,30.257918497270737
fixed,9700139,block,112,576,2642784,19.444444444444443,42.37955126109436
fixed,9700139,prefix,112,576,2792392,19.444444444444443,40.10898183349616
fixed,9700139,selective,88,576,2782440,15.277777777777779,31.626917381866278
fixed,9700139,whole,96,576,2618064,16.666666666666668,36.66831674092001
fixed,9700140,block,116,672,2698408,17.261904761904763,42.988310144351786
fixed,9700140,prefix,116,672,2772520,17.261904761904763,41.83919322493616
fixed,9700140,selective,88,672,2786960,13.095238095238095,31.57562361856647
fixed,9700140,whole,76,672,2618064,11.30952380952381,29.029084086561674
fixed,9700141,block,100,768,2651040,13.020833333333334,37.72104532560806
fixed,9700141,prefix,98,768,2787128,12.760416666666666,35.161643096406046
fixed,9700141,selective,88,768,2779136,11.458333333333334,31.664517317612383
fixed,9700141,whole,72,768,2635312,9.375,27.32124317727844
fixed,9700142,block,100,960,2643448,10.416666666666666,37.82938041527581
fixed,9700142,prefix,100,960,2784480,10.416666666666666,35.91334827328622
fixed,9700142,selective,68,960,2776564,7.083333333333333,24.49070145690861
fixed,9700142,whole,68,960,2639624,7.083333333333333,25.76124478334793
fixed,9700143,block,112,576,2648088,19.444444444444443,42.29466694460305
fixed,9700143,prefix,112,576,2770648,19.444444444444443,40.42375646419177
fixed,9700143,selective,88,576,2768336,15.277777777777779,31.78804884956162
fixed,9700143,whole,88,576,2635312,15.277777777777779,33.392630550006984
fixed,9700144,block,136,1056,2670288,12.878787878787879,50.930835924814104
fixed,9700144,prefix,136,1056,2782928,12.878787878787879,48.869392237240774
fixed,9700144,selective,96,1056,2786944,9.090909090909092,34.44633261378772
fixed,9700144,whole,112,1056,2643936,10.606060606060606,42.36108589617903
fixed,9700145,block,112,864,2680744,12.962962962962964,41.77944630296664
fixed,9700145,prefix,112,864,2784864,12.962962962962964,40.217403794224786
fixed,9700145,selective,92,864,2788880,10.648148148148149,32.98815295028829
fixed,9700145,whole,80,864,2643936,9.25925925925926,30.257918497270737
fixed,9700146,block,128,768,2695744,16.666666666666668,47.48225350775148
fixed,9700146,prefix,128,768,2790880,16.666666666666668,45.86367024021097
fixed,9700146,selective,88,768,2791520,11.458333333333334,31.52404424829484
fixed,9700146,whole,88,768,2643936,11.458333333333334,33.28371034699781
fixed,9700147,block,128,960,2677248,13.333333333333334,47.8102887741442
fixed,9700147,prefix,128,960,2785460,13.333333333333334,45.95291262484473
fixed,9700147,selective,96,960,2792804,10.0,34.37405560862846
fixed,9700147,whole,88,960,2643936,9.166666666666666,33.28371034699781
fixed,9700148,block,102,576,2662180,17.708333333333332,38.314464085824405
fixed,9700148,prefix,102,576,2774536,17.708333333333332,36.76290377922651
fixed,9700148,selective,80,576,2774446,13.88888888888889,28.834585355058273
fixed,9700148,whole,64,576,2618064,11.11111111111111,24.445544493946674
fixed,9700149,block,124,672,2676968,18.452380952380953,46.321061738504156
fixed,9700149,prefix,124,672,2789568,18.452380952380953,44.45132723059628
fixed,9700149,selective,96,672,2792344,14.285714285714286,34.379718258208875
fixed,9700149,whole,96,672,2643936,14.285714285714286,36.309502196724885
fixed,9700150,block,124,576,2655944,21.52777777777778,46.68773136783005
fixed,9700150,prefix,124,576,2787220,21.52777777777778,44.48877376023421
fixed,9700150,selective,80,576,2792080,13.88888888888889,28.65247414114209
fixed,9700150,whole,104,576,2643936,18.055555555555557,39.335294046451956
fixed,9700151,block,120,576,2675700,20.833333333333332,44.84807713869268
fixed,9700151,prefix,120,576,2787712,20.833333333333332,43.04605353781165
fixed,9700151,selective,96,576,2792592,16.666666666666668,34.37666511971673
fixed,9700151,whole,112,576,2643936,19.444444444444443,42.36108589617903
fixed,9700152,block,110,576,2669204,19.09722222222222,41.21078793527958
fixed,9700152,prefix,114,576,2784836,19.791666666666668,40.93598330386421
fixed,9700152,selective,96,576,2791104,16.666666666666668,34.39499208915182
fixed,9700152,whole,80,576,2643936,13.88888888888889,30.257918497270737
fixed,9700153,block,136,1152,2671296,11.805555555555555,50.91161743213781
fixed,9700153,prefix,136,1152,2784192,11.805555555555555,48.84720593982024
fixed,9700153,selective,96,1152,2779680,8.333333333333334,34.53634950785702
fixed,9700153,whole,112,1152,2643936,9.722222222222221,42.36108589617903
fixed,9700154,block,112,960,2615008,11.666666666666666,42.829696888116594
fixed,9700154,prefix,112,960,2791104,11.666666666666666,40.12749077067713
fixed,9700154,selective,88,960,2792560,9.166666666666666,31.512304122382332
fixed,9700154,whole,80,960,2626688,8.333333333333334,30.456605428585355
fixed,9700155,block,120,480,2643984,25.0,45.38605377339652
fixed,9700155,prefix,120,480,2790000,25.0,43.01075268817204
fixed,9700155,selective,96,480,2775056,20.0,34.59389648353043
fixed,9700155,whole,88,480,2626688,18.333333333333332,33.50226597144389
fixed,9700156,block,128,672,2674244,19.047619047619047,47.86399445974264
fixed,9700156,prefix,128,672,2785724,19.047619047619047,45.94855771785001
fixed,9700156,selective,96,672,2789984,14.285714285714286,34.408799476986246
fixed,9700156,whole,112,672,2643936,16.666666666666668,42.36108589617903
fixed,9700157,block,112,864,2678288,12.962962962962964,41.81775820972204
fixed,9700157,prefix,112,864,2784740,12.962962962962964,40.21919461062792
fixed,9700157,selective,82,864,2782796,9.49074074074074,29.46676651827874
fixed,9700157,whole,80,864,2643936,9.25925925925926,30.257918497270737
fixed,9700158,block,112,1056,2655952,10.606060606060606,42.16943679705055
fixed,9700158,prefix,112,1056,2784064,10.606060606060606,40.22896025378727
fixed,9700158,selective,80,1056,2788392,7.575757575757576,28.69037065089844
fixed,9700158,whole,96,1056,2643936,9.090909090909092,36.309502196724885
fixed,9700159,block,112,576,2631184,19.444444444444443,42.56638836356561
fixed,9700159,prefix,112,576,2775464,19.444444444444443,40.35361294543903
fixed,9700159,selective,96,576,2775056,16.666666666666668,34.59389648353043
fixed,9700159,whole,96,576,2618064,16.666666666666668,36.66831674092001
fixed,9700160,block,88,576,2714696,15.277777777777779,32.41615267418525
fixed,9700160,prefix,88,576,2788128,15.277777777777779,31.562395987558677
fixed,9700160,selective,64,576,2792736,11.11111111111111,22.91659505230713
fixed,9700160,whole,72,576,2643936,12.5,27.232126647543662
fixed,9700161,block,90,1248,2675528,7.211538461538462,33.63822019429436
fixed,9700161,prefix,90,1248,2789048,7.211538461538462,32.269075326061085
fixed,9700161,selective,72,1248,2790820,5.769230769230769,25.798869149568944
fixed,9700161,whole,72,1248,2643936,5.769230769230769,27.232126647543662
fixed,9700162,block,104,576,2652576,18.055555555555557,39.20717068992557
fixed,9700162,prefix,104,576,2790080,18.055555555555557,37.27491684826242
fixed,9700162,selective,74,576,2785568,12.847222222222221,26.565497593309516
fixed,9700162,whole,72,576,2635312,12.5,27.32124317727844
fixed,9700163,block,120,480,2687480,25.0,44.651495080893625
fixed,9700163,prefix,120,480,2782824,25.0,43.121663461289685
fixed,9700163,selective,84,480,2777752,17.5,30.240280629804246
fixed,9700163,whole,96,480,2643936,20.0,36.309502196724885
guard,9700200,block,116,864,2698944,13.425925925925926,42.97977282966968
guard,9700200,guard,116,864,2790824,13.425925925925926,41.56478516739143
guard,9700200,prefix,116,864,2790824,13.425925925925926,41.56478516739143
guard,9700200,selective,80,864,2789552,9.25925925925926,28.67844012228487
guard,9700200,whole,72,864,2643936,8.333333333333334,27.232126647543662
guard,9700201,block,104,864,2664850,12.037037037037036,39.02658686229994
guard,9700201,guard,104,864,2793952,12.037037037037036,37.22325938312469
guard,9700201,prefix,104,864,2793952,12.037037037037036,37.22325938312469
guard,9700201,selective,72,864,2776392,8.333333333333334,25.932937423821997
guard,9700201,whole,72,864,2622376,8.333333333333334,27.45601698612251
guard,9700202,block,76,480,2640216,15.833333333333334,28.785523608674445
guard,9700202,guard,76,480,2779636,15.833333333333334,27.341709490019557
guard,9700202,prefix,76,480,2784584,15.833333333333334,27.29312529268286
guard,9700202,selective,64,480,2784052,13.333333333333334,22.988076372136728
guard,9700202,whole,64,480,2622376,13.333333333333334,24.405348432108898
guard,9700203,block,100,384,2621284,26.041666666666668,38.149242890125606
guard,9700203,guard,100,384,2743444,26.041666666666668,36.45053443773593
guard,9700203,prefix,100,384,2743444,26.041666666666668,36.45053443773593
guard,9700203,selective,64,384,2743992,16.666666666666668,23.32368315942612
guard,9700203,whole,84,384,2618064,21.875,32.08477714830501
guard,9700204,block,128,960,2691584,13.333333333333334,47.55564009891574
guard,9700204,guard,128,960,2782872,13.333333333333334,45.99564766184
guard,9700204,prefix,128,960,2783008,13.333333333333334,45.9933999471076
guard,9700204,selective,96,960,2780328,10.0,34.528300258099044
guard,9700204,whole,112,960,2643936,11.666666666666666,42.36108589617903
guard,9700205,block,88,768,2669472,11.458333333333334,32.96532048285204
guard,9700205,guard,88,768,2785384,11.458333333333334,31.59348944346632
guard,9700205,prefix,88,768,2785384,11.458333333333334,31.59348944346632
guard,9700205,selective,48,768,2791160,6.25,17.197151005316787
guard,9700205,whole,48,768,2643936,6.25,18.154751098362443
guard,9700206,block,112,672,2639320,16.666666666666668,42.43517269599746
guard,9700206,guard,112,672,2785944,16.666666666666668,40.201813101770895
guard,9700206,prefix,112,672,2785944,16.666666666666668,40.201813101770895
guard,9700206,selective,96,672,2789928,14.285714285714286,34.40949013737989
guard,9700206,whole,80,672,2626688,11.904761904761905,30.456605428585355
guard,9700207,block,136,960,2675584,14.166666666666666,50.830024398411716
guard,9700207,guard,136,960,2780032,14.166666666666666,48.92030019798334
guard,9700207,prefix,136,960,2780032,14.166666666666666,48.92030019798334
guard,9700207,selective,96,960,2787024,10.0,34.445343850644996
guard,9700207,whole,128,960,2643936,13.333333333333334,48.412669595633176
guard,9700208,block,112,480,2649088,23.333333333333332,42.27870119829919
guard,9700208,guard,112,480,2791968,23.333333333333332,40.11507295212553
guard,9700208,prefix,112,480,2791968,23.333333333333332,40.11507295212553
guard,9700208,selective,88,480,2786768,18.333333333333332,31.57779908481797
guard,9700208,whole,112,480,2626688,23.333333333333332,42.639247600019495
guard,9700209,block,124,960,2665256,12.916666666666666,46.52461151949382
guard,9700209,guard,124,960,2784808,12.916666666666666,44.52730672994332
guard,9700209,prefix,124,960,2784808,12.916666666666666,44.52730672994332
guard,9700209,selective,84,960,2783032,8.75,30.18290842505584
guard,9700209,whole,80,960,2643936,8.333333333333334,30.257918497270737
guard,9700210,block,112,960,2704392,11.666666666666666,41.41411452185926
guard,9700210,guard,112,960,2784128,11.666666666666666,40.22803549262103
guard,9700210,prefix,112,960,2784128,11.666666666666666,40.22803549262103
guard,9700210,selective,96,960,2785408,10.0,34.465327880152564
guard,9700210,whole,96,960,2643936,10.0,36.309502196724885
guard,9700211,block,100,384,2629120,26.041666666666668,38.035540408958134
guard,9700211,guard,100,384,2755632,26.041666666666668,36.289315844786245
guard,9700211,prefix,100,384,2755632,26.041666666666668,36.289315844786245
guard,9700211,selective,84,384,2765872,21.875,30.370168973835376
guard,9700211,whole,96,384,2618064,25.0,36.66831674092001
guard,9700212,block,108,480,2677436,22.5,40.33709862719408
guard,9700212,guard,108,480,2779216,22.5,38.859879908578534
guard,9700212,prefix,108,480,2778612,22.5,38.868327064016135
guard,9700212,selective,88,480,2783452,18.333333333333332,31.61541855221502
guard,9700212,whole,68,480,2639624,14.166666666666666,25.76124478334793
guard,9700213,block,128,672,2682224,19.047619047619047,47.72159223092479
guard,9700213,guard,128,672,2784032,19.047619047619047,45.9764830289307
guard,9700213,prefix,128,672,2784032,19.047619047619047,45.9764830289307
guard,9700213,selective,96,672,2793336,14.285714285714286,34.36750895703202
guard,9700213,whole,112,672,2643936,16.666666666666668,42.36108589617903
guard,9700214,block,108,672,2673784,16.071428571428573,40.392193236252446
guard,9700214,guard,110,672,2783464,16.36904761904762,39.519102815772
guard,9700214,prefix,112,672,2783464,16.666666666666668,40.23763195787695
guard,9700214,selective,88,672,2785616,13.095238095238095,31.59085818002194
guard,9700214,whole,76,672,2622376,11.30952380952381,28.981351263129316
guard,9700215,block,134,1056,2665612,12.68939393939394,50.26988173822747
guard,9700215,guard,134,1056,2784268,12.68939393939394,48.12755093978022
guard,9700215,prefix,134,1056,2784268,12.68939393939394,48.12755093978022
guard,9700215,selective,96,1056,2795712,9.090909090909092,34.338300940869445
guard,9700215,whole,96,1056,2643936,9.090909090909092,36.309502196724885
guard,9700216,block,104,864,2659760,12.037037037037036,39.101272295244684
guard,9700216,guard,104,864,2787176,12.037037037037036,37.31375413680371
guard,9700216,prefix,104,864,2787176,12.037037037037036,37.31375413680371
guard,9700216,selective,86,864,2788540,9.953703703703704,30.84051152215855
guard,9700216,whole,80,864,2635312,9.25925925925926,30.356936863642712
guard,9700217,block,116,864,2671616,13.425925925925926,43.41941356841702
guard,9700217,guard,116,864,2791080,13.425925925925926,41.56097281339123
guard,9700217,prefix,116,864,2791080,13.425925925925926,41.56097281339123
guard,9700217,selective,80,864,2790504,9.25925925925926,28.668656271411905
guard,9700217,whole,80,864,2643936,9.25925925925926,30.257918497270737
guard,9700218,block,102,672,2656066,15.178571428571429,38.40266017486011
guard,9700218,guard,102,672,2793418,15.178571428571429,36.5144063652486
guard,9700218,prefix,102,672,2794188,15.178571428571429,36.50434401693802
guard,9700218,selective,84,672,2788144,12.5,30.127568733896098
guard,9700218,whole,96,672,2618064,14.285714285714286,36.66831674092001
guard,9700219,block,84,864,2649384,9.722222222222221,31.70548323685808
guard,9700219,guard,80,864,2788576,9.25925925925926,28.688477559872855
guard,9700219,prefix,80,864,2788576,9.25925925925926,28.688477559872855
guard,9700219,selective,48,864,2794400,5.555555555555555,17.177211565989122
guard,9700219,whole,64,864,2643936,7.407407407407407,24.206334797816588
guard,9700220,block,116,672,2654054,17.261904761904763,43.70672186775401
guard,9700220,guard,116,672,2780134,17.261904761904763,41.724607518918155
guard,9700220,prefix,116,672,2780134,17.261904761904763,41.724607518918155
guard,9700220,selective,88,672,2783560,13.095238095238095,31.61419189814482
guard,9700220,whole,96,672,2626688,14.285714285714286,36.547926514302425
guard,9700221,block,140,1056,2667256,13.257575757575758,52.48840006358595
guard,9700221,guard,140,1056,2784976,13.257575757575758,50.269733024629296
guard,9700221,prefix,140,1056,2784976,13.257575757575758,50.269733024629296
guard,9700221,selective,96,1056,2781424,9.090909090909092,34.51469463123925
guard,9700221,whole,128,1056,2643936,12.121212121212121,48.412669595633176
guard,9700222,block,79,480,2665994,16.458333333333332,29.632474791766224
guard,9700222,guard,81,480,2769774,16.875,29.244263250359054
guard,9700222,prefix,81,480,2770994,16.875,29.23138772584856
guard,9700222,selective,64,480,2759528,13.333333333333334,23.192372028839713
guard,9700222,whole,48,480,2618064,10.0,18.334158370460006
guard,9700223,block,92,384,2630864,23.958333333333332,34.96950051389962
guard,9700223,guard,94,384,2766896,24.479166666666668,33.973087532021445
guard,9700223,prefix,96,384,2771056,25.0,34.64383253171354
guard,9700223,selective,72,384,2778128,18.75,25.916732418376693
guard,9700223,whole,88,384,2618064,22.916666666666668,33.61262367917667
guard,9700224,block,104,672,2668744,15.476190476190476,38.96964264837692
guard,9700224,guard,104,672,2794784,15.476190476190476,37.21217811465931
guard,9700224,prefix,104,672,2794784,15.476190476190476,37.21217811465931
guard,9700224,selective,80,672,2785816,11.904761904761905,28.716900182926654
guard,9700224,whole,80,672,2622376,11.904761904761905,30.50668554013612
guard,9700225,block,128,1248,2630816,10.256410256410257,48.654105798353065
guard,9700225,guard,128,1248,2790848,10.256410256410257,45.86419611530259
guard,9700225,prefix,128,1248,2790848,10.256410256410257,45.86419611530259
guard,9700225,selective,88,1248,2792960,7.051282051282051,31.507791017415215
guard,9700225,whole,104,1248,2643936,8.333333333333334,39.335294046451956
guard,9700226,block,120,1440,2688616,8.333333333333334,44.63262883208313
guard,9700226,guard,120,1440,2781928,8.333333333333334,43.13555203441642
guard,9700226,prefix,120,1440,2781928,8.333333333333334,43.13555203441642
guard,9700226,selective,96,1440,2790000,6.666666666666667,34.40860215053763
guard,9700226,whole,80,1440,2643936,5.555555555555555,30.257918497270737
guard,9700227,block,102,1056,2681380,9.659090909090908,38.04011367281027
guard,9700227,guard,102,1056,2787588,9.659090909090908,36.59077309846362
guard,9700227,prefix,102,1056,2787820,9.659090909090908,36.587728045569655
guard,9700227,selective,84,1056,2793712,7.954545454545454,30.067523066085556
guard,9700227,whole,88,1056,2643936,8.333333333333334,33.28371034699781
guard,9700228,block,128,768,2661552,16.666666666666668,48.09224091808088
guard,9700228,guard,128,768,2788848,16.666666666666668,45.897087256100015
guard,9700228,prefix,128,768,2787696,16.666666666666668,45.91605397432145
guard,9700228,selective,96,768,2789680,12.5,34.412549109575295
guard,9700228,whole,112,768,2643936,14.583333333333334,42.36108589617903
guard,9700229,block,104,672,2687968,15.476190476190476,38.69093679686664
guard,9700229,guard,104,672,2783020,15.476190476190476,37.36947632428082
guard,9700229,prefix,104,672,2783152,15.476190476190476,37.36770395580263
guard,9700229,selective,88,672,2778880,13.095238095238095,31.66743436204514
guard,9700229,whole,72,672,2643936,10.714285714285714,27.232126647543662
guard,9700230,block,112,864,2681640,12.962962962962964,41.765486791664806
guard,9700230,guard,112,864,2777384,12.962962962962964,40.32571657358147
guard,9700230,prefix,112,864,2777384,12.962962962962964,40.32571657358147
guard,9700230,selective,80,864,2790288,9.25925925925926,28.670875551197582
guard,9700230,whole,100,864,2643936,11.574074074074074,37.82239812158842
guard,9700231,block,112,384,2643424,29.166666666666668,42.36929073807305
guard,9700231,guard,112,384,2761824,29.166666666666668,40.55290996095334
guard,9700231,prefix,112,384,2761824,29.166666666666668,40.55290996095334
guard,9700231,selective,80,384,2789740,20.833333333333332,28.67650748815302
guard,9700231,whole,104,384,2626688,27.083333333333332,39.59358705716096
guard,9700232,block,128,864,2675024,14.814814814814815,47.85003798096765
guard,9700232,guard,128,864,2789248,14.814814814814815,45.89050525446286
guard,9700232,prefix,128,864,2789248,14.814814814814815,45.89050525446286
guard,9700232,selective,96,864,2796288,11.11111111111111,34.33122768470201
guard,9700232,whole,112,864,2643936,12.962962962962964,42.36108589617903
guard,9700233,block,100,1056,2689272,9.469696969696969,37.184784581105966
guard,9700233,guard,100,1056,2784696,9.469696969696969,35.91056258923775
guard,9700233,prefix,100,1056,2785160,9.469696969696969,35.9045799882233
guard,9700233,selective,76,1056,2780104,7.196969696969697,27.3371068132703
guard,9700233,whole,80,1056,2643936,7.575757575757576,30.257918497270737
guard,9700234,block,128,576,2648432,22.22222222222222,48.33048384855643
guard,9700234,guard,128,576,2782672,22.22222222222222,45.99895352380734
guard,9700234,prefix,128,576,2782416,22.22222222222222,46.00318572061115
guard,9700234,selective,96,576,2783456,16.666666666666668,34.489497947874874
guard,9700234,whole,112,576,2643936,19.444444444444443,42.36108589617903
guard,9700235,block,104,480,2690000,21.666666666666668,38.66171003717472
guard,9700235,guard,104,480,2779446,21.666666666666668,37.41752852906658
guard,9700235,prefix,104,480,2780920,21.666666666666668,37.39769572659407
guard,9700235,selective,96,480,2778912,20.0,34.545894220471894
guard,9700235,whole,84,480,2639624,17.5,31.82271414413568
guard,9700236,block,106,768,2631404,13.802083333333334,40.28267799243294
guard,9700236,guard,104,768,2778920,13.541666666666666,37.42461099995682
guard,9700236,prefix,104,768,2778920,13.541666666666666,37.42461099995682
guard,9700236,selective,84,768,2785928,10.9375,30.151532990084455
guard,9700236,whole,88,768,2618064,11.458333333333334,33.61262367917667
guard,9700237,block,116,768,2648296,15.104166666666666,43.801750257524084
guard,9700237,guard,116,768,2784432,15.104166666666666,41.660202152539554
guard,9700237,prefix,116,768,2784432,15.104166666666666,41.660202152539554
guard,9700237,selective,96,768,2792288,12.5,34.380407751635936
guard,9700237,whole,80,768,2626688,10.416666666666666,30.456605428585355
guard,9700238,block,104,768,2666080,13.541666666666666,39.008581888015364
guard,9700238,guard,104,768,2783384,13.541666666666666,37.36458929130871
guard,9700238,prefix,104,768,2783384,13.541666666666666,37.36458929130871
guard,9700238,selective,80,768,2774352,10.416666666666666,28.83556232230085
guard,9700238,whole,88,768,2635312,11.458333333333334,33.392630550006984
guard,9700239,block,100,672,2674572,14.880952380952381,37.389159835667165
guard,9700239,guard,100,672,2785328,14.880952380952381,35.902414365561256
guard,9700239,prefix,100,672,2785328,14.880952380952381,35.902414365561256
guard,9700239,selective,68,672,2791136,10.119047619047619,24.362840076585307
guard,9700239,whole,88,672,2643936,13.095238095238095,33.28371034699781
guard,9700240,block,102,960,2679068,10.625,38.07294178423243
guard,9700240,guard,102,960,2784856,10.625,36.626669386137024
guard,9700240,prefix,102,960,2784856,10.625,36.626669386137024
guard,9700240,selective,80,960,2778976,8.333333333333334,28.78758218854715
guard,9700240,whole,80,960,2643936,8.333333333333334,30.257918497270737
guard,9700241,block,104,768,2666476,13.541666666666666,39.002788699392006
guard,9700241,guard,104,768,2789060,13.541666666666666,37.28854883007178
guard,9700241,prefix,104,768,2789644,13.541666666666666,37.280742632393235
guard,9700241,selective,68,768,2793820,8.854166666666666,24.339434895590983
guard,9700241,whole,80,768,2643936,10.416666666666666,30.257918497270737
guard,9700242,block,124,1056,2699468,11.742424242424242,45.934976817654444
guard,9700242,guard,124,1056,2781724,11.742424242424242,44.57667259584344
guard,9700242,prefix,124,1056,2782948,11.742424242424242,44.55706682266432
guard,9700242,selective,96,1056,2788704,9.090909090909092,34.42459292918861
guard,9700242,whole,112,1056,2643936,10.606060606060606,42.36108589617903
guard,9700243,block,136,1056,2674512,12.878787878787879,50.85039812870535
guard,9700243,guard,136,1056,2783184,12.878787878787879,48.86489718250752
guard,9700243,prefix,136,1056,2783184,12.878787878787879,48.86489718250752
guard,9700243,selective,96,1056,2776288,9.090909090909092,34.57854516534307
guard,9700243,whole,112,1056,2643936,10.606060606060606,42.36108589617903
guard,9700244,block,84,672,2655072,12.5,31.63756011136421
guard,9700244,guard,84,672,2778820,12.5,30.228658207440567
guard,9700244,prefix,84,672,2781472,12.5,30.199836633264688
guard,9700244,selective,72,672,2785408,10.714285714285714,25.848995910114425
guard,9700244,whole,64,672,2618064,9.523809523809524,24.445544493946674
guard,9700245,block,134,960,2667684,13.958333333333334,50.23083693570903
guard,9700245,guard,134,960,2790428,13.958333333333334,48.021307125645244
guard,9700245,prefix,134,960,2790428,13.958333333333334,48.021307125645244
guard,9700245,selective,96,960,2787064,10.0,34.44484949035975
guard,9700245,whole,96,960,2643936,10.0,36.309502196724885
guard,9700246,block,104,864,2635336,12.037037037037036,39.46365852399846
guard,9700246,guard,104,864,2781504,12.037037037037036,37.38984376797589
guard,9700246,prefix,104,864,2781504,12.037037037037036,37.38984376797589
guard,9700246,selective,84,864,2786396,9.722222222222221,30.146468771847218
guard,9700246,whole,80,864,2622376,9.25925925925926,30.50668554013612
guard,9700247,block,120,864,2685272,13.88888888888889,44.68821035634379
guard,9700247,guard,120,864,2782616,13.88888888888889,43.12488679717216
guard,9700247,prefix,120,864,2782616,13.88888888888889,43.12488679717216
guard,9700247,selective,96,864,2777744,11.11111111111111,34.5604202547103
guard,9700247,whole,96,864,2643936,11.11111111111111,36.309502196724885
guard,9700248,block,120,864,2700704,13.88888888888889,44.43285898787872
guard,9700248,guard,120,864,2788928,13.88888888888889,43.02728503568397
guard,9700248,prefix,120,864,2788928,13.88888888888889,43.02728503568397
guard,9700248,selective,96,864,2790592,11.11111111111111,34.40130266266083
guard,9700248,whole,80,864,2643936,9.25925925925926,30.257918497270737
guard,9700249,block,128,768,2697184,16.666666666666668,47.4569031997817
guard,9700249,guard,128,768,2791184,16.666666666666668,45.85867502823175
guard,9700249,prefix,128,768,2791184,16.666666666666668,45.85867502823175
guard,9700249,selective,96,768,2790864,12.5,34.39794988218702
guard,9700249,whole,72,768,2643936,9.375,27.232126647543662
guard,9700250,block,108,960,2692960,11.25,40.10456895015151
guard,9700250,guard,108,960,2783844,11.25,38.795277321574055
guard,9700250,prefix,108,960,2783844,11.25,38.795277321574055
guard,9700250,selective,80,960,2779504,8.333333333333334,28.78211364329751
guard,9700250,whole,72,960,2643936,7.5,27.232126647543662
guard,9700251,block,112,672,2646428,16.666666666666668,42.32119672252561
guard,9700251,guard,112,672,2795908,16.666666666666668,40.05854269882986
guard,9700251,prefix,112,672,2795908,16.666666666666668,40.05854269882986
guard,9700251,selective,88,672,2786668,13.095238095238095,31.57893225888409
guard,9700251,whole,88,672,2626688,13.095238095238095,33.50226597144389
guard,9700252,block,118,672,2647700,17.55952380952381,44.56698266419912
guard,9700252,guard,118,672,2791420,17.55952380952381,42.27239182924819
guard,9700252,prefix,118,672,2791420,17.55952380952381,42.27239182924819
guard,9700252,selective,88,672,2788292,13.095238095238095,31.56053957046106
guard,9700252,whole,80,672,2626688,11.904761904761905,30.456605428585355
guard,9700253,block,120,672,2674604,17.857142857142858,44.866454996702316
guard,9700253,guard,120,672,2783804,17.857142857142858,43.10648307136566
guard,9700253,prefix,120,672,2783804,17.857142857142858,43.10648307136566
guard,9700253,selective,80,672,2779464,11.904761904761905,28.78252785429133
guard,9700253,whole,80,672,2643936,11.904761904761905,30.257918497270737
guard,9700254,block,104,768,2662344,13.541666666666666,39.063321644385546
guard,9700254,guard,104,768,2787408,13.541666666666666,37.31064845907022
guard,9700254,prefix,104,768,2787408,13.541666666666666,37.31064845907022
guard,9700254,selective,70,768,2791472,9.114583333333334,25.0763754750182
guard,9700254,whole,72,768,2643936,9.375,27.232126647543662
guard,9700255,block,102,1152,2672728,8.854166666666666,38.16325492156329
guard,9700255,guard,96,1152,2785676,8.333333333333334,34.46201209329441
guard,9700255,prefix,96,1152,2785940,8.333333333333334,34.45874641952088
guard,9700255,selective,80,1152,2780576,6.944444444444445,28.771017228085118
guard,9700255,whole,88,1152,2643936,7.638888888888889,33.28371034699781
guard,9700256,block,68,1056,2700168,6.4393939393939394,25.18361820449691
guard,9700256,guard,68,1056,2785496,6.4393939393939394,24.412169322806424
guard,9700256,prefix,68,1056,2786456,6.4393939393939394,24.40375875305406
guard,9700256,selective,52,1056,2789552,4.924242424242424,18.640986079485163
guard,9700256,whole,64,1056,2643936,6.0606060606060606,24.206334797816588
guard,9700257,block,112,864,2641072,12.962962962962964,42.40702260294305
guard,9700257,guard,112,864,2788688,12.962962962962964,40.16225551226957
guard,9700257,prefix,112,864,2788688,12.962962962962964,40.16225551226957
guard,9700257,selective,88,864,2780016,10.185185185185185,31.65449407485425
guard,9700257,whole,96,864,2626688,11.11111111111111,36.547926514302425
guard,9700258,block,128,768,2632032,16.666666666666668,48.631627578996
guard,9700258,guard,128,768,2786240,16.666666666666668,45.940048237050654
guard,9700258,prefix,128,768,2786240,16.666666666666668,45.940048237050654
guard,9700258,selective,96,768,2795760,12.5,34.337711391535755
guard,9700258,whole,96,768,2643936,12.5,36.309502196724885
guard,9700259,block,112,576,2657504,19.444444444444443,42.144809565667636
guard,9700259,guard,112,576,2790880,19.444444444444443,40.1307114601846
guard,9700259,prefix,112,576,2792048,19.444444444444443,40.11392354286173
guard,9700259,selective,96,576,2774216,16.666666666666668,34.60437110881056
guard,9700259,whole,96,576,2626688,16.666666666666668,36.547926514302425
guard,9700260,block,88,1152,2673456,7.638888888888889,32.91619536659665
guard,9700260,guard,88,1152,2785256,7.638888888888889,31.5949413626611
guard,9700260,prefix,88,1152,2785720,7.638888888888889,31.58967879040248
guard,9700260,selective,56,1152,2782504,4.861111111111111,20.12575723161584
guard,9700260,whole,64,1152,2643936,5.555555555555555,24.206334797816588
guard,9700261,block,114,576,2643960,19.791666666666668,43.11714246811601
guard,9700261,guard,114,576,2744952,19.791666666666668,41.5307808661135
guard,9700261,prefix,114,576,2744952,19.791666666666668,41.5307808661135
guard,9700261,selective,96,576,2770620,16.666666666666668,34.649284275721676
guard,9700261,whole,96,576,2626688,16.666666666666668,36.547926514302425
guard,9700262,block,112,1248,2669144,8.974358974358974,41.961018214079125
guard,9700262,guard,112,1248,2783624,8.974358974358974,40.23531913792955
guard,9700262,prefix,112,1248,2783624,8.974358974358974,40.23531913792955
guard,9700262,selective,80,1248,2783840,6.410256410256411,28.737283751939767
guard,9700262,whole,88,1248,2643936,7.051282051282051,33.28371034699781
guard,9700263,block,118,768,2688300,15.364583333333334,43.89391064985307
guard,9700263,guard,118,768,2782656,15.364583333333334,42.405529106005204
guard,9700263,prefix,118,768,2782656,15.364583333333334,42.405529106005204
guard,9700263,selective,88,768,2794360,11.458333333333334,31.492005325011814
guard,9700263,whole,80,768,2643936,10.416666666666666,30.257918497270737
shared,9710000,block,750,4320,13371964,17.36111111111111,56.087497692934264
shared,9710000,selective,609,4320,13712396,14.097222222222221,44.4123696544353
shared,9710000,whole,515,4320,13896440,11.921296296296296,37.05985130004519
shared,9710001,block,877,5120,14202108,17.12890625,61.75139634200782
shared,9710001,selective,636,5120,14543617,12.421875,43.730524531827264
shared,9710001,whole,611,5120,14464290,11.93359375,42.24196279250485
shared,9710002,block,661,5216,13670309,12.672546012269938,48.35296700315992
shared,9710002,selective,520,5216,13911190,9.969325153374234,37.37997971417255
shared,9710002,whole,468,5216,14020348,8.97239263803681,33.38005590160815
shared,9710003,block,841,4736,14236465,17.75760135135135,59.073653466643584
shared,9710003,selective,648,4736,14486201,13.682432432432432,44.7322248255426
shared,9710003,whole,566,4736,14375548,11.951013513513514,39.372412098655296
shared,9710004,block,756,4288,13566908,17.630597014925375,55.72382447054259
shared,9710004,selective,585,4288,13872360,13.642723880597014,42.17018589482972
shared,9710004,whole,587,4288,13961246,13.689365671641792,42.0449578784014
shared,9710005,block,790,4704,14227583,16.79421768707483,55.52594562266831
shared,9710005,selective,649,4704,14436868,13.796768707482993,44.95434882413554
shared,9710005,whole,585,4704,14477728,12.436224489795919,40.406892573199336
shared,9710006,block,775,3904,13397365,19.85143442622951,57.84719607176486
shared,9710006,selective,613,3904,13768821,15.701844262295081,44.5208780040063
shared,9710006,whole,619,3904,13589572,15.855532786885245,45.549631732331235
shared,9710007,block,733,4320,13627911,16.96759259259259,53.78667354079433
shared,9710007,selective,573,4320,13938453,13.26388888888889,41.10929670602613
shared,9710007,whole,484,4320,14044858,11.203703703703704,34.46101057055899
shared,9710008,block,842,4672,13961774,18.022260273972602,60.30752252543265
shared,9710008,selective,683,4672,14202781,14.619006849315069,48.08917352172085
shared,9710008,whole,653,4672,14164632,13.976883561643836,46.10073879787347
shared,9710009,block,782,3840,13505596,20.364583333333332,57.90192450596035
shared,9710009,selective,618,3840,13918572,16.09375,44.40110666525273
shared,9710009,whole,573,3840,13912665,14.921875,41.185495374178856
shared,9710010,block,778,4320,13946869,18.00925925925926,55.78312953251371
shared,9710010,selective,630,4320,14153866,14.583333333333334,44.510807153324755
shared,9710010,whole,615,4320,14381698,14.23611111111111,42.76268351623014
shared,9710011,block,795,4864,13929418,16.34457236842105,57.073454181646355
shared,9710011,selective,592,4864,14235215,12.171052631578947,41.58700799390807
shared,9710011,whole,526,4864,14269822,10.814144736842104,36.86100639517438
shared,9710012,block,808,5536,14217098,14.595375722543352,56.83297674391778
shared,9710012,selective,681,5536,14486409,12.301300578034683,47.00957980683826
shared,9710012,whole,604,5536,14517088,10.910404624277456,41.60614029480293
shared,9710013,block,811,4864,14421275,16.673519736842106,56.23635912913387
shared,9710013,selective,633,4864,14644114,13.013980263157896,43.22555806380639
shared,9710013,whole,595,4864,14593814,12.232730263157896,40.77069914691252
shared,9710014,block,844,4960,13787734,17.016129032258064,61.21382962566583
shared,9710014,selective,645,4960,14180733,13.004032258064516,45.48424965056461
shared,9710014,whole,630,4960,14201038,12.701612903225806,44.3629543136213
shared,9710015,block,842,4480,13548110,18.794642857142858,62.14889014039597
shared,9710015,selective,657,4480,13837503,14.665178571428571,47.47966450305377
shared,9710015,whole,597,4480,13814200,13.325892857142858,43.21640051541168
shared,9710016,block,818,4224,13714554,19.365530303030305,59.64466653454425
shared,9710016,selective,646,4224,14167068,15.293560606060606,45.59870821541903
shared,9710016,whole,663,4224,14142638,15.696022727272727,46.87951427449391
shared,9710017,block,813,4544,13280669,17.891725352112676,61.21679562979847
shared,9710017,selective,650,4544,13619930,14.304577464788732,47.724180667595206
shared,9710017,whole,601,4544,13710646,13.226232394366198,43.834550173638796
shared,9710018,block,703,4608,13179784,15.25607638888889,53.3392656510911
shared,9710018,selective,576,4608,13536527,12.5,42.55153482130239
shared,9710018,whole,509,4608,13577092,11.046006944444445,37.48961854276306
shared,9710019,block,779,4768,13571004,16.338087248322147,57.40179576986346
shared,9710019,selective,630,4768,13869347,13.213087248322148,45.42391217120748
shared,9710019,whole,534,4768,13978440,11.199664429530202,38.201687741979796
shared,9710020,block,907,5152,14390106,17.604813664596275,63.02941757343553
shared,9710020,selective,692,5152,14673205,13.43167701863354,47.160794114169335
shared,9710020,whole,658,5152,14586686,12.771739130434783,45.10962942507983
shared,9710021,block,731,4480,13337665,16.316964285714285,54.80719451268269
shared,9710021,selective,582,4480,13630098,12.991071428571429,42.69961962122356
shared,9710021,whole,545,4480,13647756,12.165178571428571,39.93330478651582
shared,9710022,block,803,4320,13811119,18.587962962962962,58.14155970996992
shared,9710022,selective,610,4320,14182035,14.12037037037037,43.01216292302198
shared,9710022,whole,559,4320,14227818,12.939814814814815,39.28922903005928
shared,9710023,block,768,3904,13400237,19.672131147540984,57.312419175869806
shared,9710023,selective,621,3904,13820515,15.906762295081966,44.93320256155433
shared,9710023,whole,620,3904,13759884,15.881147540983607,45.05851938868089
shared,9710024,block,774,4384,13662355,17.655109489051096,56.65201936269406
shared,9710024,selective,603,4384,13929024,13.754562043795621,43.290901071029815
shared,9710024,whole,587,4384,13925256,13.389598540145986,42.153623603041844
shared,9710025,block,864,4960,14270272,17.419354838709676,60.545447206612465
shared,9710025,selective,663,4960,14565604,13.366935483870968,45.51819478272237
shared,9710025,whole,592,4960,14452606,11.935483870967742,40.961470893207775
shared,9710026,block,781,4896,13821929,15.951797385620916,56.50441410891346
shared,9710026,selective,647,4896,14093608,13.214869281045752,45.90733614841565
shared,9710026,whole,544,4896,14212648,11.11111111111111,38.27576676774096
shared,9710027,block,929,6208,14487238,14.964561855670103,64.12540471827687
shared,9710027,selective,734,6208,14751573,11.823453608247423,49.757405532277815
shared,9710027,whole,693,6208,14670786,11.163015463917526,47.236732919422316
shared,9710028,block,810,4448,13900769,18.21043165467626,58.27015757185808
shared,9710028,selective,626,4448,14319927,14.073741007194245,43.71530664925876
shared,9710028,whole,604,4448,14262458,13.579136690647482,42.34894153588393
shared,9710029,block,795,4928,13867429,16.132305194805195,57.32857907547246
shared,9710029,selective,619,4928,14165763,12.560876623376624,43.6969049955163
shared,9710029,whole,577,4928,14214848,11.708603896103897,40.59135911970357
shared,9710030,block,790,5216,13913891,15.145705521472392,56.77779134535408
shared,9710030,selective,604,5216,14340383,11.579754601226995,42.11881928118657
shared,9710030,whole,551,5216,14395006,10.563650306748466,38.27716362188387
shared,9710031,block,792,4000,13123294,19.8,60.35070158452596
shared,9710031,selective,654,4000,13550777,16.35,48.2629151081152
shared,9710031,whole,669,4000,13487724,16.725,49.60065908821978
