active_branches,canonical_declining_slots,canonical_high_slots,declining_node,energy_difference_j,equal_cap,high_node,identity_classification,inverse_allocation_l1,inverse_declining_slots,inverse_high_slots,inverse_local_argmax_agreement,inverse_marginal_q_mae,inverse_projected_allocation_agreement,inverse_projected_allocation_disagreement,kind,optimizer_seed,probe_index,raw_allocation_l1,raw_local_argmax_agreement,raw_marginal_q_mae,raw_projected_action_agreement,round,seed,target_rank
24,,,,,,,fixed_branch_identity,12.0,,,0.2916666666666667,0.3726048767566681,0.5,0.5,random,2299,0,0.0,0.9583333333333334,0.1201845034956932,1.0,0,2300,0
26,,,,,,,fixed_branch_identity,10.0,,,0.46153846153846156,0.3099839687347412,0.6153846153846154,0.38461538461538464,random,2299,1,4.0,0.9230769230769231,0.2945363521575928,0.8461538461538461,2,2300,0
26,,,,,,,fixed_branch_identity,12.0,,,0.5,0.2984544336795807,0.5384615384615384,0.46153846153846156,random,2299,2,2.0,0.9230769230769231,0.2802635133266449,0.9230769230769231,3,2300,0
31,,,,,,,fixed_branch_identity,10.0,,,0.4838709677419355,0.07453799247741699,0.6774193548387096,0.3225806451612903,random,2299,3,4.0,1.0,0.059005655348300934,0.8709677419354839,4,2300,0
26,,,,,,,fixed_branch_identity,10.0,,,0.5,0.4362158179283142,0.6153846153846154,0.38461538461538464,random,2299,4,2.0,0.8846153846153846,0.10914254933595657,0.9230769230769231,5,2300,0
25,,,,,,,fixed_branch_identity,16.0,,,0.2,0.8687471747398376,0.4,0.6,random,2299,5,2.0,0.88,0.3509955108165741,0.92,6,2300,0
26,,,,,,,fixed_branch_identity,16.0,,,0.46153846153846156,0.5434805750846863,0.46153846153846156,0.5384615384615384,random,2299,6,6.0,0.8461538461538461,0.49809953570365906,0.7692307692307693,7,2300,0
58,,,,,,,fixed_branch_identity,20.0,,,0.27586206896551724,0.13830967247486115,0.6551724137931034,0.3448275862068966,random,2299,7,0.0,0.9655172413793104,0.0643002837896347,1.0,8,2300,0
58,,,,,,,fixed_branch_identity,20.0,,,0.3103448275862069,0.12569905817508698,0.6551724137931034,0.3448275862068966,random,2299,8,0.0,0.9827586206896551,0.06787220388650894,1.0,9,2300,0
64,,,,,,,fixed_branch_identity,22.0,,,0.484375,0.11671021580696106,0.65625,0.34375,random,2299,9,2.0,0.9375,0.06694693118333817,0.96875,10,2300,0
24,,,,,,,fixed_branch_identity,14.0,,,0.4166666666666667,0.15863019227981567,0.4166666666666667,0.5833333333333334,random,2299,10,0.0,0.875,0.0334932804107666,1.0,11,2300,0
33,,,,,,,fixed_branch_identity,12.0,,,0.45454545454545453,0.4584873914718628,0.6363636363636364,0.36363636363636365,random,2299,11,2.0,0.9393939393939394,0.05033017322421074,0.9393939393939394,13,2300,0
24,,,,,,,fixed_branch_identity,10.0,,,0.4166666666666667,0.2703152596950531,0.6666666666666666,0.3333333333333333,random,2299,12,0.0,0.9583333333333334,0.23718683421611786,1.0,14,2300,0
31,,,,,,,fixed_branch_identity,14.0,,,0.3225806451612903,0.36596232652664185,0.5483870967741935,0.45161290322580644,random,2299,13,0.0,0.9354838709677419,0.17845933139324188,1.0,15,2300,0
35,,,,,,,fixed_branch_identity,14.0,,,0.4,0.3533889055252075,0.6,0.4,random,2299,14,2.0,0.9142857142857143,0.06728148460388184,0.9428571428571428,16,2300,0
28,,,,,,,fixed_branch_identity,12.0,,,0.5357142857142857,0.35510268807411194,0.5714285714285714,0.42857142857142855,random,2299,15,0.0,0.9285714285714286,0.16946884989738464,1.0,17,2300,0
36,,,,,,,fixed_branch_identity,20.0,,,0.3611111111111111,0.21630923449993134,0.4444444444444444,0.5555555555555556,random,2299,16,0.0,1.0,0.01716790348291397,1.0,18,2300,0
50,,,,,,,fixed_branch_identity,20.0,,,0.34,0.12656258046627045,0.6,0.4,random,2299,17,2.0,1.0,0.029779205098748207,0.96,19,2300,0
41,,,,,,,fixed_branch_identity,14.0,,,0.43902439024390244,0.04957667365670204,0.6585365853658537,0.34146341463414637,random,2299,18,0.0,0.975609756097561,0.004917454905807972,1.0,20,2300,0
38,,,,,,,fixed_branch_identity,14.0,,,0.2894736842105263,0.09183922410011292,0.631578947368421,0.3684210526315789,random,2299,19,0.0,0.9473684210526315,0.017597516998648643,1.0,21,2300,0
24,0,0,13,0.0,True,5,tie,2.0,0,0,1.0,0.09098633378744125,0.9166666666666666,0.08333333333333333,targeted_swap,2299,0,2.0,1.0,0.0700206458568573,0.9166666666666666,0,2300,0
26,0,0,58,0.0,True,55,tie,2.0,0,0,0.9230769230769231,0.028361883014440536,0.9230769230769231,0.07692307692307693,targeted_swap,2299,1,2.0,1.0,0.003830298315733671,0.9230769230769231,2,2300,0
26,0,0,58,0.0,True,55,tie,2.0,0,0,0.9230769230769231,0.0888155922293663,0.9230769230769231,0.07692307692307693,targeted_swap,2299,2,2.0,1.0,0.06600233167409897,0.9230769230769231,3,2300,0
31,0,1,78,0.0,True,80,fixed_branch_identity,4.0,1,0,0.967741935483871,0.031596481800079346,0.8709677419354839,0.12903225806451613,targeted_swap,2299,3,2.0,0.967741935483871,0.0277149248868227,0.9354838709677419,4,2300,0
26,0,0,5,0.00017245293939199824,True,93,tie,0.0,0,0,0.8846153846153846,0.07988511770963669,1.0,0.0,targeted_swap,2299,4,0.0,0.9615384615384616,0.06057551130652428,1.0,5,2300,0
25,0,1,94,0.0,True,86,fixed_branch_identity,2.0,1,0,0.88,0.08350346982479095,0.92,0.08,targeted_swap,2299,5,0.0,0.96,0.018754780292510986,1.0,6,2300,0
26,0,0,13,0.00032821787632947297,True,42,tie,2.0,0,0,0.9230769230769231,0.12657229602336884,0.9230769230769231,0.07692307692307693,targeted_swap,2299,6,2.0,1.0,0.08866339176893234,0.9230769230769231,7,2300,0
58,0,0,82,0.0,True,94,tie,0.0,0,0,1.0,0.008901333436369896,1.0,0.0,targeted_swap,2299,7,0.0,1.0,0.00856862124055624,1.0,8,2300,0
58,1,0,63,1.3605900834545714e-05,True,28,fixed_branch_identity,2.0,0,1,0.9655172413793104,0.00933042075484991,0.9655172413793104,0.034482758620689655,targeted_swap,2299,8,0.0,1.0,0.0033505975734442472,1.0,9,2300,0
64,0,0,28,4.6294702025717616e-05,True,56,tie,2.0,0,0,0.96875,0.028913885354995728,0.96875,0.03125,targeted_swap,2299,9,2.0,1.0,0.02353297732770443,0.96875,10,2300,0
24,,,,,,,fixed_branch_identity,10.0,,,0.4583333333333333,0.4767266511917114,0.5833333333333334,0.4166666666666667,random,3299,0,2.0,0.9166666666666666,0.062358155846595764,0.9166666666666666,0,2300,0
26,,,,,,,fixed_branch_identity,16.0,,,0.5,0.4410700798034668,0.38461538461538464,0.6153846153846154,random,3299,1,4.0,0.8076923076923077,0.11646406352519989,0.8461538461538461,2,2300,0
26,,,,,,,fixed_branch_identity,12.0,,,0.34615384615384615,0.4417458474636078,0.5384615384615384,0.46153846153846156,random,3299,2,2.0,0.8076923076923077,0.07805206626653671,0.9230769230769231,3,2300,0
31,,,,,,,fixed_branch_identity,14.0,,,0.6774193548387096,0.37503474950790405,0.5483870967741935,0.45161290322580644,random,3299,3,6.0,0.6774193548387096,0.22885017096996307,0.8064516129032258,4,2300,0
26,,,,,,,fixed_branch_identity,10.0,,,0.46153846153846156,0.38024234771728516,0.6153846153846154,0.38461538461538464,random,3299,4,4.0,0.8461538461538461,0.07668058574199677,0.8461538461538461,5,2300,0
25,,,,,,,fixed_branch_identity,14.0,,,0.48,0.4242500960826874,0.44,0.56,random,3299,5,2.0,0.92,0.08928081393241882,0.92,6,2300,0
26,,,,,,,fixed_branch_identity,10.0,,,0.46153846153846156,0.3574426472187042,0.6153846153846154,0.38461538461538464,random,3299,6,2.0,0.8461538461538461,0.08211112767457962,0.9230769230769231,7,2300,0
58,,,,,,,fixed_branch_identity,20.0,,,0.5517241379310345,0.4298307001590729,0.6551724137931034,0.3448275862068966,random,3299,7,0.0,0.9655172413793104,0.03281243517994881,1.0,8,2300,0
58,,,,,,,fixed_branch_identity,22.0,,,0.46551724137931033,0.43821901082992554,0.6206896551724138,0.3793103448275862,random,3299,8,2.0,0.9482758620689655,0.05469837039709091,0.9655172413793104,9,2300,0
64,,,,,,,fixed_branch_identity,20.0,,,0.59375,0.42249664664268494,0.6875,0.3125,random,3299,9,2.0,0.90625,0.054216623306274414,0.96875,10,2300,0
24,,,,,,,fixed_branch_identity,12.0,,,0.4583333333333333,0.49147626757621765,0.5,0.5,random,3299,10,2.0,1.0,0.06986965239048004,0.9166666666666666,11,2300,0
33,,,,,,,fixed_branch_identity,12.0,,,0.6666666666666666,0.35507556796073914,0.6363636363636364,0.36363636363636365,random,3299,11,2.0,0.9696969696969697,0.027394112199544907,0.9393939393939394,13,2300,0
24,,,,,,,fixed_branch_identity,12.0,,,0.5,0.47366565465927124,0.5,0.5,random,3299,12,2.0,0.7916666666666666,0.11988851428031921,0.9166666666666666,14,2300,0
31,,,,,,,fixed_branch_identity,14.0,,,0.6451612903225806,0.36689668893814087,0.5483870967741935,0.45161290322580644,random,3299,13,0.0,0.9032258064516129,0.029282037168741226,1.0,15,2300,0
35,,,,,,,fixed_branch_identity,14.0,,,0.4857142857142857,0.34353384375572205,0.6,0.4,random,3299,14,2.0,0.9428571428571428,0.0683046281337738,0.9428571428571428,16,2300,0
28,,,,,,,fixed_branch_identity,14.0,,,0.35714285714285715,0.32808127999305725,0.5,0.5,random,3299,15,0.0,1.0,0.03707289695739746,1.0,17,2300,0
36,,,,,,,fixed_branch_identity,18.0,,,0.6388888888888888,0.38017737865448,0.5,0.5,random,3299,16,6.0,0.8611111111111112,0.1115100309252739,0.8333333333333334,18,2300,0
50,,,,,,,fixed_branch_identity,22.0,,,0.5,0.3463209569454193,0.56,0.44,random,3299,17,2.0,0.94,0.04997310787439346,0.96,19,2300,0
41,,,,,,,fixed_branch_identity,20.0,,,0.36585365853658536,0.3940746486186981,0.5121951219512195,0.4878048780487805,random,3299,18,2.0,0.9512195121951219,0.04252162575721741,0.9512195121951219,20,2300,0
38,,,,,,,fixed_branch_identity,16.0,,,0.5263157894736842,0.34887367486953735,0.5789473684210527,0.42105263157894735,random,3299,19,4.0,0.8947368421052632,0.09310638904571533,0.8947368421052632,21,2300,0
24,0,0,13,0.0,True,5,tie,2.0,0,0,0.9583333333333334,0.04997849464416504,0.9166666666666666,0.08333333333333333,targeted_swap,3299,0,2.0,0.9583333333333334,0.025758318603038788,0.9166666666666666,0,2300,0
26,0,0,85,0.0,True,55,tie,4.0,0,0,0.9230769230769231,0.06012849137187004,0.8461538461538461,0.15384615384615385,targeted_swap,3299,1,4.0,1.0,0.0365377701818943,0.8461538461538461,2,2300,0
26,0,0,85,0.0,True,55,tie,2.0,0,0,0.9230769230769231,0.06069820374250412,0.9230769230769231,0.07692307692307693,targeted_swap,3299,2,2.0,1.0,0.03643213212490082,0.9230769230769231,3,2300,0
31,0,0,78,0.0,True,52,tie,0.0,0,0,1.0,0.02233034558594227,1.0,0.0,targeted_swap,3299,3,0.0,1.0,0.009109876118600368,1.0,4,2300,0
26,0,1,95,0.00017170784453029997,True,77,fixed_branch_identity,4.0,1,0,0.8846153846153846,0.10924597084522247,0.8461538461538461,0.15384615384615385,targeted_swap,3299,4,2.0,0.8846153846153846,0.09125082194805145,0.9230769230769231,5,2300,0
25,0,1,41,0.0012000590129672695,True,95,fixed_branch_identity,2.0,1,0,0.88,0.07876501977443695,0.92,0.08,targeted_swap,3299,5,0.0,0.88,0.05445219576358795,1.0,6,2300,0
26,1,0,50,0.00016072679671019774,True,95,fixed_branch_identity,4.0,0,1,0.8076923076923077,0.07726791501045227,0.8461538461538461,0.15384615384615385,targeted_swap,3299,6,2.0,0.8076923076923077,0.07112214714288712,0.9230769230769231,7,2300,0
58,0,0,76,3.2244890669996806e-05,True,30,tie,0.0,0,0,0.9655172413793104,0.021725386381149292,1.0,0.0,targeted_swap,3299,7,0.0,1.0,0.0040060183964669704,1.0,8,2300,0
58,0,1,47,4.6909737898948034e-05,True,9,fixed_branch_identity,2.0,1,0,1.0,0.026471341028809547,0.9655172413793104,0.034482758620689655,targeted_swap,3299,8,0.0,1.0,0.004189781844615936,1.0,9,2300,0
64,0,1,57,4.192587700291295e-06,True,16,fixed_branch_identity,2.0,1,0,0.953125,0.02963089384138584,0.96875,0.03125,targeted_swap,3299,9,0.0,0.984375,0.009566470980644226,1.0,10,2300,0
24,,,,,,,fixed_branch_identity,14.0,,,0.5,0.3283120393753052,0.4166666666666667,0.5833333333333334,random,4299,0,2.0,0.9166666666666666,0.09144164621829987,0.9166666666666666,0,2300,0
26,,,,,,,fixed_branch_identity,12.0,,,0.5,0.28358736634254456,0.5384615384615384,0.46153846153846156,random,4299,1,4.0,0.9615384615384616,0.04708949103951454,0.8461538461538461,2,2300,0
26,,,,,,,fixed_branch_identity,18.0,,,0.4230769230769231,0.33958232402801514,0.3076923076923077,0.6923076923076923,random,4299,2,4.0,0.8076923076923077,0.05156930163502693,0.8461538461538461,3,2300,0
31,,,,,,,fixed_branch_identity,12.0,,,0.41935483870967744,0.4108092188835144,0.6129032258064516,0.3870967741935484,random,4299,3,0.0,0.967741935483871,0.0668351799249649,1.0,4,2300,0
26,,,,,,,fixed_branch_identity,14.0,,,0.5769230769230769,0.37265920639038086,0.46153846153846156,0.5384615384615384,random,4299,4,2.0,0.9615384615384616,0.09013892710208893,0.9230769230769231,5,2300,0
25,,,,,,,fixed_branch_identity,16.0,,,0.36,0.3867415189743042,0.36,0.64,random,4299,5,2.0,0.92,0.12937331199645996,0.92,6,2300,0
26,,,,,,,fixed_branch_identity,16.0,,,0.5384615384615384,0.3295305669307709,0.38461538461538464,0.6153846153846154,random,4299,6,0.0,1.0,0.06750229001045227,1.0,7,2300,0
58,,,,,,,fixed_branch_identity,20.0,,,0.6551724137931034,0.3933528959751129,0.6551724137931034,0.3448275862068966,random,4299,7,0.0,0.896551724137931,0.09702099114656448,1.0,8,2300,0
58,,,,,,,fixed_branch_identity,14.0,,,0.4827586206896552,0.41142475605010986,0.7586206896551724,0.2413793103448276,random,4299,8,2.0,0.896551724137931,0.08633212745189667,0.9655172413793104,9,2300,0
64,,,,,,,fixed_branch_identity,20.0,,,0.4375,0.3816848695278168,0.6875,0.3125,random,4299,9,2.0,0.9375,0.09507960826158524,0.96875,10,2300,0
24,,,,,,,fixed_branch_identity,16.0,,,0.5,0.37314701080322266,0.4166666666666667,0.5833333333333334,random,4299,10,0.0,1.0,0.026478715240955353,1.0,11,2300,0
33,,,,,,,fixed_branch_identity,16.0,,,0.5454545454545454,0.29484254121780396,0.5151515151515151,0.48484848484848486,random,4299,11,8.0,0.7878787878787878,0.10299603641033173,0.7575757575757576,13,2300,0
24,,,,,,,fixed_branch_identity,12.0,,,0.4166666666666667,0.5548064112663269,0.5,0.5,random,4299,12,2.0,1.0,0.10664554685354233,0.9166666666666666,14,2300,0
31,,,,,,,fixed_branch_identity,16.0,,,0.6451612903225806,0.2397913783788681,0.4838709677419355,0.5161290322580645,random,4299,13,4.0,0.8387096774193549,0.05842668190598488,0.8709677419354839,15,2300,0
35,,,,,,,fixed_branch_identity,18.0,,,0.45714285714285713,0.26860812306404114,0.4857142857142857,0.5142857142857142,random,4299,14,4.0,0.8571428571428571,0.07651183009147644,0.8857142857142857,16,2300,0
28,,,,,,,fixed_branch_identity,12.0,,,0.42857142857142855,0.34916698932647705,0.5714285714285714,0.42857142857142855,random,4299,15,6.0,0.8214285714285714,0.09070823341608047,0.7857142857142857,17,2300,0
36,,,,,,,fixed_branch_identity,18.0,,,0.5833333333333334,0.2876032590866089,0.5,0.5,random,4299,16,2.0,0.8611111111111112,0.05907634273171425,0.9444444444444444,18,2300,0
50,,,,,,,fixed_branch_identity,16.0,,,0.38,0.4698435068130493,0.7,0.3,random,4299,17,2.0,0.9,0.07807963341474533,0.96,19,2300,0
41,,,,,,,fixed_branch_identity,14.0,,,0.6097560975609756,0.33357417583465576,0.6585365853658537,0.34146341463414637,random,4299,18,2.0,0.975609756097561,0.03179888054728508,0.9512195121951219,20,2300,0
38,,,,,,,fixed_branch_identity,16.0,,,0.42105263157894735,0.36319753527641296,0.5789473684210527,0.42105263157894735,random,4299,19,2.0,0.8421052631578947,0.09115400910377502,0.9473684210526315,21,2300,0
24,1,1,13,0.0,True,5,tie,2.0,0,1,0.875,0.057684555649757385,0.9166666666666666,0.08333333333333333,targeted_swap,4299,0,2.0,0.9583333333333334,0.047192707657814026,0.9166666666666666,0,2300,0
26,0,0,58,0.0,True,97,tie,0.0,0,0,1.0,0.014193559065461159,1.0,0.0,targeted_swap,4299,1,0.0,1.0,0.0021064220927655697,1.0,2,2300,0
26,0,0,58,0.0,True,97,tie,0.0,0,0,1.0,0.01814916729927063,1.0,0.0,targeted_swap,4299,2,0.0,1.0,0.006040194071829319,1.0,3,2300,0
31,1,0,78,0.0,True,52,fixed_branch_identity,2.0,0,1,1.0,0.02514100819826126,0.9354838709677419,0.06451612903225806,targeted_swap,4299,3,0.0,1.0,0.00673706317320466,1.0,4,2300,0
26,0,0,50,0.000203700482197533,True,47,tie,0.0,0,0,0.9230769230769231,0.04038213938474655,1.0,0.0,targeted_swap,4299,4,0.0,1.0,0.023293323814868927,1.0,5,2300,0
25,0,1,84,0.0001665073343815604,True,86,fixed_branch_identity,2.0,1,0,0.92,0.04037998244166374,0.92,0.08,targeted_swap,4299,5,0.0,0.92,0.022774390876293182,1.0,6,2300,0
26,0,1,50,0.00010852397147192994,True,85,fixed_branch_identity,2.0,1,0,1.0,0.015013560652732849,0.9230769230769231,0.07692307692307693,targeted_swap,4299,6,0.0,1.0,0.011638922616839409,1.0,7,2300,0
58,0,0,18,5.600916102366238e-05,True,71,tie,0.0,0,0,0.9655172413793104,0.022469088435173035,1.0,0.0,targeted_swap,4299,7,0.0,1.0,0.005268672481179237,1.0,8,2300,0
58,1,0,4,8.763543666745477e-05,True,55,fixed_branch_identity,2.0,0,1,1.0,0.01889166794717312,0.9655172413793104,0.034482758620689655,targeted_swap,4299,8,0.0,1.0,0.0041108569130301476,1.0,9,2300,0
64,0,0,75,3.354990750137343e-05,True,40,tie,0.0,0,0,1.0,0.03117539919912815,1.0,0.0,targeted_swap,4299,9,0.0,1.0,0.011959786526858807,1.0,10,2300,0
